sourceKeyword,sourceKeywords,PRDLST_NM,PRDLST_DCNM,POG_DAYCNT,QLITY_MNTNC_TMLMT_DAYCNT,BSSH_NM,PRDLST_REPORT_NO,PRMS_DT,LAST_UPDT_DTM
계란,,방대한정 계란찜분말,복합조미식품,제조일로부터 12개월까지,,(주)에프앤에스식품,20210352178305,20211015,20211021
계란,,방탄컵도시락 닭가슴살 김치볶음밥 & 계란후라이,즉석조리식품,냉동 12개월,,(주)이에스그린푸드,20170443338411,20211222,20220713
계란,,배불러곤약 간장계란볶음밥,즉석조리식품,제조일로부터 12개월,,주식회사 엄지식품,201504932081001,20221021,20240117
계란,,백리향계란야채볶음밥,즉석조리식품,냉동. 12개월,,주식회사 시아스쿡,20180452033270,20231024,20231027
계란,,백리향정통계란볶음밥,즉석조리식품,"냉동, 12개월",,(주)시아스,200504150204250,20210803,20220519
계란,,백리향정통계란볶음밥(알밥),즉석조리식품,"냉동, 12개월",,(주)시아스,200504150204248,20210803,20210805
계란,,백설계란옷믹스,기타가공품,"제조일로부터 365일(12개월, 1년)",,씨제이제일제당(주),19960080359937,20230614,20230617
계란,,백설계란옷프리더스트,곡류가공품,"제조일로부터 365일(12개월, 1년)",,씨제이제일제당(주),19960080359938,20230614,20230617
계란,,백수세끼 버터간장계란밥,즉석조리식품,제조일로부터 12개월,,주식회사 엄지식품,20150493208873,20211118,20240117
계란,,밸런스 한끼 저당김밥 계란묵은지참치맛,즉석조리식품,냉동 12개월,,(주)이에스그린푸드,20170443338729,20250123,20250327
계란,,밸런스 한끼 저당김밥 계란야채맛,즉석조리식품,냉동 12개월,,(주)이에스그린푸드,20170443338727,20250117,20250327
계란,,밸런스 한끼 저당김밥 계란치즈맛,즉석조리식품,냉동 12개월,,(주)이에스그린푸드,20170443338728,20250123,20250327
계란,,버터간장 꼬마김밥 계란,즉석조리식품,제조일로부터 냉동12개월 까지,,복을만드는사람들 주식회사 농업회사법인,20200614067202,20260223,20260306
계란,,버터장조림과 계란,조림류,제조일로부터 1년까지,,잇츠올레 주식회사,2019038910597,20220203,20240203
계란,,베이스 중화계란볶음밥,즉석조리식품,제조일로부터 12개월까지,,천일식품(주),199301993491463,20250501,20250502
계란,,베이컨 계란말이,즉석조리식품,제조일로부터 5일,,하반 반찬,2025024896367,20260106,20260109
계란,,베이컨 계란빵,빵류,제조일로부터12개월(냉동보관),,(주)한국푸드본 정관공장,20190156205242,20250109,20250111
계란,,베이컨 체다치즈 계란빵,빵류,제조일로부터 냉동보관(-18도이하) 12개월,,주식회사 마크로드제과,20060368135644,20240222,20240702
계란,,베이컨간장계란밥,즉석조리식품,제조일로부터 5일,,(주)도마소리,20220241566245,20250109,20250429
계란,,베이컨계란말이,즉석조리식품,제조일로부터 4일,,(주)수미찬,2021004283278,20220322,20220325
계란,,베이컨계란볶음밥,즉석조리식품,제조일로부터 5일,제조일로부터 5일,(주)하니푸드,20210268770324,20230612,20240402
계란,,베이컨계란볶음밥,즉석조리식품,제조일로부터 5일,,주식회사찬장에프에스대전,20220321100736,20240120,20240125
계란,,베이컨계란볶음밥김밥,즉석섭취식품,제조시간으로부터 37시간,,롯데평택CK 주식회사,199503062741863,20230711,20230713
계란,,베이컨계란브리오쉬번,즉석섭취식품,제조일로부터 72시간,,(주)현대그린푸드 스마트푸드센터,201902803272980,20230607,20230613
계란,,베이컨앤더블치즈 계란빵,빵류,제조일부터9개월까지,,(주)도깨비제과,2024028385043,20251126,20251218
계란,,베이컨할라피뇨계란빵,빵류,제조일로부터 냉동보관 6개월,,포레스트디저트,2023063488333,20231205,20231211
계란,,병천아우내계란순대,즉석조리식품,제조일로부터 12개월까지,-,(주)병천아우내식품,20010449040170,20250409,20250416
계란,,보들보들 채소계란찜,기타가공품,제조일로부터 7일,,오성푸드 주식회사,20120199329272,20260507,20260520
계란,,보물계란빵 베이컨앤더블치즈,빵류,제조일부터15일까지(냉장),,(주)도깨비제과,2024028385040,20251126,20251218
계란,,보물계란빵 오리지널 플레인,빵류,제조일부터15일까지(냉장),,(주)도깨비제과,2024028385045,20251208,20251210
계란,,보물계란빵 올리브앤더블치즈,빵류,제조일부터15일까지(냉장),,(주)도깨비제과,2024028385041,20251126,20251128
계란,,보슬보슬계란장어컵밥,즉석섭취식품,제조일로부터 48시간,,(주)스위시팩토리,2025052522768,20250925,20251220
계란,,볶음김치계란말이,즉석섭취식품,제조일로부터 5일,,(주)하니푸드,20210268770311,20230613,20240618
계란,,볶음밥389호(계란볶음밥),즉석섭취식품,제조일로부터 상온 8시간,제조일로부터 8시간 이내,주식회사 꿈해비타트,20120461108389,20251222,20251223
계란,,본초맘죽 계란야채죽,즉석조리식품,제조일로부터 35일 냉장보관,,새싹푸드,20120311458140,20240704,20260201
계란,,봄기운 홍국쌀 단호박 계란 찜,영.유아용 이유식,제조일로부터 25일,해당없음,(주)푸드케어 2공장,20220396175962,20250310,20260321
계란,,봄단비 계란 옷 입은 동태전,기타가공품,내수용 : 제조일로부터 12개월 / 수출용 : 제조일로부터 18개월,,(주)사옹원,20210452332452,20241119,20241121
계란,,부담없는 한끼 오트 계란죽,즉석조리식품,제조일부터 12개월 (실온보관),,(주)동원홈푸드,2002046107314352,20240109,20240112
계란,,부담없는 한끼 오트 계란죽,즉석조리식품,제조일부터 12개월 (실온보관),,(주)동원홈푸드,201904421491852,20240109,20240112
계란,,부드러운 감자계란국,즉석조리식품,제조일로부터 10일,,(주)베베쿡,200303806613010,20250326,20251128
계란,,부드러운 계란과자,과자,제조일로부터 12개월,,주식회사 신흥제과,19950464070133,20100312,20240404
계란,,부드러운 계란과자,과자,제조일부터 12개월,,(주) 청우식품,20100372386422,20180911,20240120
계란,,부드러운 계란과자,과자,12개월,,아써르티 스위트스,2018032437327,20210706,20220706
계란,,부드러운 계란과자1,과자,제조일로부터 12개월 까지,,(주)대산후드 탄현2공장,19930355028237,20211104,20211111
계란,,부드러운 계란쿠키,과자,12개월,,아써르티 스위트스,201803243731,20190208,20190716
계란,,부드러운계란찜,즉석섭취식품,제조일로부터 4일,,(주)하니푸드,20210268770199,20211101,20230902
계란,,부드러움을 더한 불고기 계란덮밥소스,즉석조리식품,제조일로부터 13개월,,(주)송림에프에스,201804500291156,20230309,20260516
계란,,부드러움을 더한 불고기 계란덮밥소스,즉석조리식품,제조일로부터 12개월,,프레시플러스 주식회사,200304432174861,20211124,20231117
계란,,부채살 계란볶음밥,즉석조리식품,제조일로부터 1년(냉동보관),,(주)맛과벗,20170362092323,20220607,20240928
계란,,부채살 계란볶음밥,즉석조리식품,제조일로부터 12개월,,농업회사법인(주)별담푸드,2025092401419,20250116,20250227
계란,,부추 계란 만두,만두,제조일로부터 12 개월,,화룡형제식품,202001154334,20200703,20260201
계란,,부추 계란 새우 물만두,만두,12개월,,미스터용,202206273159,20230111,20230114
계란,,부추계란 군만두 납작만두,만두,제조일로부터 12개월,,안심식품,2021028014812,20231128,20231206
계란,,부추계란군만두,만두,제조일로부터 9개월까지,,(주)미선식품,2022027449313,20230331,20230412
계란,,부추계란닭가슴무른밥,영.유아용 이유식,제조일로부터 15일,,주식회사 플라잉닥터 제2공장,2025048301544,20250630,20260620
계란,,부추계란만두(九菜鷄蛋水餃),만두,제조일부터9월,,(주)정정에이스,202000844233,20200530,20260106
계란,,부추계란만두소,기타가공품,제조일로부터 7일,,희가덕식품,202505044071,20250812,20250813
계란,,부추계란물만두,만두,제조일로부터 9개월까지,,(주)미선식품,202202744932,20221220,20230110
계란,,부추계란새우물만두,만두,제조일로부터 9개월까지,,(주)미선식품,202202744934,20221220,20230113
계란,,부추계란쩡쟈오,만두,제조일로부터 12개월,,(주) 푸르온,19990461386946,20230911,20240514
계란,,부추계란탕,즉석조리식품,30일(냉동),,(주)늘사랑회디엔씨,20110056608134,20140402,20160706
계란,,부추새우계란만두,만두,제조일로부터1년,제조일로부터 12개월,주식회사 금배고,2024087713410,20250520,20250522
계란,,부추새우계란만두,만두,제조일로부터1년,제조일로부터 12개월,주식회사 금배고,202408771346,20250320,20250326
계란,,북어계란국,즉석조리식품,180일,,동이푸드,201503623152,20151006,20171127
계란,,북어계란국,즉석조리식품,제조일로부터 15일,,(주)뽀뽀뜨,200203804811159,20181216,20230610
계란,,북어계란국,즉석조리식품,제조일로부터 15일,,(주)뽀뽀뜨,200203804811579,20220118,20230610
계란,,북어계란국대만식지파이도시락,즉석섭취식품,제조 후 10시간,,(주)비엘푸드,201902029633134,20260427,20260428
계란,,북어계란블럭,알함유가공품,제조일로부터 12개월,,상미식품주식회사,199104490041003,20230315,20230328
계란,,북어와 계란이 푸짐한 한 그릇 북엇국,즉석조리식품,제조일로부터 12개월,,동림푸드(주),19910386025479,20170328,20250117
계란,,북어포계란국,즉석조리식품,제조일로부터 냉장 5일,,아람찬,2022018840660,20220927,20220928
계란,,분식집계란라면 용기,유탕면,제조일로부터 7개월,,오뚜기라면(주),198603090181208,20250407,20250412
계란,,분홍소세지 계란말이,즉석조리식품,제조일로부터 7일,,주식회사케이제이푸드(KJ Food),20210424124424,20230218,20230219
계란,,불란셔 제빵소 계란 샌드위치,즉석섭취식품,제조일로부터 60시간까지,,(주)조이푸드,200702751171258,20260202,20260210
계란,,브로콜리감자계란죽,영.유아용 이유식,제조일로부터12일,,순수본 주식회사,2018049118192,20180418,20240228
계란,,브로콜리계란말이,즉석조리식품,제조일로부터 4일,,(주)수미찬,2021004283281,20220323,20220930
계란,,비바쿡 계란곱빼기 중화볶음밥,즉석조리식품,제조일로부터 12개월까지,,농업회사법인 주식회사 한우물,200804930741652,20251030,20260109
계란,,비법기름 계란 볶음밥,즉석조리식품,제조일로부터 9 개월까지,,농업회사법인 주식회사 한우물,200804930741731,20260316,20260319
계란,,비벼먹는 계란간장,소스,12개월,생략,농업회사법인리브푸드주식회사,202104563615,20210901,20221118
계란,,비벼먹는 계란간장,소스,18개월,,주식회사 움트리,19920372190573,20250811,20250812
계란,,비빔야채계란장,즉석조리식품,제조일부터 4일,,농업회사법인 소생로컬푸드 주식회사,2017055512075,20190218,20190223
계란,,빅!통계란&케이준 샐러드,즉석섭취식품,제조일로부터 6일 까지,제조일로부터 6일 까지,(주)농업법인 은성,20200393064105,20251214,20251216
계란,,빅토리마켓 닭가슴살 간장계란볶음밥,즉석조리식품,제조일로부터 12개월까지,,주식회사 엄지식품,201504932081154,20230816,20240117
계란,,뽀로로 새우 계란 컵 볶음밥,즉석조리식품,냉동 9개월,,(주)이에스그린푸드,20170443338543,20220920,20221028
계란,,사랑방꽃갈비계란찜소스,소스,제조일로부터 18개월까지,,엠지푸드솔루션 주식회사,200100535802469,20231023,20231025
계란,,사옹원 계란옷 입은 고기완자,기타가공품,제조일로부터 12개월,,(주)사옹원,2021045233280,20211117,20220518
계란,,사옹원 계란옷입은 표고전,기타가공품,내수용 : 제조일로부터 12개월 / 수출용 : 제조일로부터 18개월,,(주)사옹원,20210452332459,20241203,20241204
계란,,삼삼 계란 꼬마김밥,즉석조리식품,제조일로부터 냉동18개월 까지,,복을만드는사람들 주식회사 농업회사법인,20200614067178,20251028,20251030
계란,,삼형제 간장계란소스,소스,제조일로부터 6개월,,삼형제식품(주),202403660299,20241101,20241105
계란,,상하농원 계란 주먹밥,즉석조리식품,제조일로부터 12개월,,(주)엄지식품,2021050412378,20220307,20240117
계란,,상하농원 동물복지 유정란 계란과자,과자,제조일로부터 9개월까지,,하나푸드,20050344143748,20241021,20241023
계란,,새송이채소계란볶음,즉석조리식품,제조일로부터 8일,,주식회사 지니온,20240320157102,20240411,20240808
계란,,새싹보리꾸찌뽕계란쿠키,과자,제조일로부터 180일,제조일부터           180일(실온),유한회사 보리아이,2018049809313,20181106,20240117
계란,,새우 계란 곤약볶음밥,즉석조리식품,제조일로부터 12개월,,주식회사 엄지식품,20150493208509,20200117,20240117
계란,,새우 계란찜,즉석조리식품,제조일로부터 5일,,하반 반찬,20250248963145,20260617,20260624
계란,,새우가츠계란,즉석섭취식품,제조시간으로부터 94시간 까지,,(주)비지에프푸드,20200450031721,20260526,20260528
계란,,새우계란 초밥,즉석섭취식품,제조일로부터 48시간,,농업회사법인주식회사큰울,2024032042455,20260520,20260522
계란,,새우계란국,즉석조리식품,제조일로부터 12일,,순수본 주식회사,20180491181766,20260324,20260330
계란,,새우계란덮밥소스,즉석조리식품,제조일로부터 30일,,주)짱죽,20140512224899,20250430,20250503
계란,,새우계란말이,즉석조리식품,제조일로부터 4일,,(주)수미찬,2021004283277,20220322,20220325
계란,,새우계란볶음밥,즉석조리식품,제조일로부터 12개월까지,,농업회사법인 주식회사 한우물,200804930741120,20220530,20240117
계란,,새우계란볶음밥,즉석조리식품,제조일로부터 5일,제조일로부터 5일,(주)하니푸드,2021026877087,20210601,20230927
계란,,새우계란볶음밥,즉석조리식품,제조일로부터 5일,,주식회사케이제이푸드(KJ Food),20210424124255,20220318,20230914
계란,,새우계란부추(虾仁鷄蛋韭菜),만두,제조일부터9월,,(주)정정에이스,2020008442316,20230602,20230606
계란,,새우계란오트밀죽,즉석조리식품,제조일로부터 6개월까지,,(주)신세계푸드 음성공장,201504452221290,20250321,20250324
계란,,새우계란죽,즉석조리식품,제조일로부터 5일,,(주)도마소리,20220241566606,20260106,20260228
계란,,새우계란죽,즉석조리식품,제조일로부터  35일,,다림식품,2005031113525,20230427,20250422
계란,,새우랑 계란 듬뿍 어린이볶음밥,즉석조리식품,제조일로부터 12개월,,주식회사 엄지식품,20150493208571,20200428,20240117
계란,,새우랑 계란듬뿍 어린이볶음밥,즉석조리식품,제조일로부터 12개월,,(주) 푸르온,199904613861117,20250515,20250903
계란,,새우미니계란찜,즉석조리식품,제조일로부터 4일,,(주)수미찬,20210042832205,20230219,20230223
계란,,새우볶음밥&계란후라이,즉석섭취식품,제조일로부터 (상온15℃ ~ 25℃) 8시간,,(주)행복도시락 성남점,20100275229317,20220406,20220411
계란,,새우볶음밥과계란후라이,즉석조리식품,제조일로부터 12개월까지,,(주)푸드인모닝스타,20220493563224,20241202,20241207
계란,,새우살 계란찜,즉석조리식품,제조일로부터 10일,,예향,20200280205100,20220325,20250509
계란,,새우살계란찜,즉석조리식품,제조일로부터 4일,,라임에프앤비(주),20210222240424,20221108,20240201
계란,,새우애호박계란탕,즉석조리식품,제조일로부터 30일,x,주)짱죽,20140512224895,20250428,20250430
계란,,새우야채계란국,즉석조리식품,제조일로부터25일,,(주)에르코스농업회사법인,20100231185337,20210603,20220503
계란,,새우양송이계란밥,영.유아용 이유식,제조일로부터 13일,,(주)아이푸드,20120320039269,20150728,20241016
계란,,새우연두부계란볶음,즉석조리식품,제조일로부터 8일,,주식회사 지니온,20240320157100,20240411,20250619
계란,,새우크래미계란야채볶음,영.유아용 이유식,제조일로부터 13 일,,(주)아이푸드,20120320039359,20181214,20251001
계란,,새우크래미계란야채볶음(실온),영.유아용 이유식,제조일로부터5개월,,(주)아이푸드,20120320039670,20240708,20240713
계란,,샌드위치 샐러드 계란,즉석섭취식품,제조일로부터 40일 까지,,(주)엠디에스코리아 3공장,20150355222311,20191224,20210625
계란,,샌드위치 샐러드 계란,즉석섭취식품,제조일로부터 30일까지,,(주)엠디에스코리아 1공장,20070355264530,20190619,20200205
계란,,샌드위치-잠봉계란샐러드&피타브레드,즉석섭취식품,제조일로부터 72시간,,다원푸드서비스(주) 쉐프랑,202104240501336,20251218,20251219
계란,,샌드위치용 계란감자샐러드,즉석섭취식품,제조일로부터 40일,,(주)엠디에스코리아 3공장,20150355222407,20230714,20230817
계란,,샐러리계란볶음,조림류,제조일로부터 5일,,주식회사찬장에프에스대전,20220321100563,20230130,20230204
계란,,생식빵계란샌드,즉석섭취식품,제조시간으로부터 74시간까지,,(주)원푸드림 주촌지점,20170607069401,20250922,20250923
계란,,생식빵계란샌드,즉석섭취식품,제조시간으로부터 73시간 까지,,(주)비지에프푸드,20200450031584,20250922,20250924
계란,,생야채계란탕,즉석조리식품,제조일로부터 3개월,,주)짱죽,20140512224184,20150819,20200616
계란,,서너시 계란빵(반죽),빵류,제조일로부터 12개월(영하 18℃이하 냉동보관),,(주)에벤에셀푸드,2020032601648,20241126,20251024
계란,,서리서리계란별밥소스,소스,9개월,,(주)조아,20040445125262,20220530,20230916
계란,,서울시스터즈 국내산계란이 들어간 감자김치수제비,숙면,제조일로부터 6개월까지,,(주)이가자연면,200604451941075,20240718,20240724
계란,,서울직면 계란 마팔디네 생면,생면,제조일로부터 60일,,서울프로셰프,2021035852946,20231206,20231208
계란,,서울직면 계란 스파게티 생면,생면,제조일로부터 90일,,서울프로셰프,2021035852965,20241110,20241113
계란,,서울직면 계란 탈리아텔레 생면,생면,제조일로부터 90일,,서울프로셰프,2021035852947,20240213,20240215
계란,,세끼뚝딱 간장불고기 계란덮밥,즉석조리식품,제조일로부터 12개월까지,,(주)푸드인모닝스타,20220493563232,20250327,20250402
계란,,세리 든든 한그릇 중화풍 계란볶음밥,즉석조리식품,냉동 12개월,,(주)이에스그린푸드,20170443338336,20211228,20220107
계란,,셀러리 계란볶음,조림류,제조일로부터 5일,,주식회사케이제이푸드(KJ Food),20210424124439,20230218,20230219
계란,,소고기브로콜리버섯계란밥,영.유아용 이유식,제조일로부터 13일,,(주)아이푸드,20120320039282,20150729,20251001
계란,,소미가 계란장소스,소스,제조일로부터 3개월,,힘찬푸드,2013019206814,20201230,20210115
계란,,소불고기&간장계란밥,즉석조리식품,제조일로부터 9개월,,샐그램,2023029708151,20250411,20250416
계란,,소불고기계란볶음밥,즉석조리식품,제조일로부터 4일,,(주)하니푸드,2021026877086,20210601,20240402
계란,,소불고기와계란말이,즉석조리식품,제조일로부터 12개월까지,,(주)푸드인모닝스타,20220493563221,20241129,20241205
계란,,소세지 계란 볶음,조림류,제조일로부터 5일(냉장),,(주)반찬천국,2005030423365,20070110,20191005
계란,,소세지계란빵,빵류,제조일로부터 냉동보관 6개월,,포레스트디저트,2023063488334,20231205,20231211
계란,,소시지계란부침,즉석조리식품,제조일로부터 3일,,라임에프앤비(주),20210222240428,20221108,20240201
계란,,소프트계란과자,과자,제조일로부터 12개월 까지,해당없음,(주)대산후드 탄현2공장,19930355028234,20210826,20230603
계란,,손찬 북어계란국양념,소스,제조일로부터24개월,제조일로부터24개월,MJ 푸드,20160570162161,20210318,20240224
계란,,송도즉석반찬 반숙계란장조림,조림류,제조일로부터 10일,제조일로부터 10일,주식회사송도즉석반찬 숭의점,2023026034738,20240220,20240222
계란,,송탄식당 계란말이조미스프,복합조미식품,제조일로부터 12개월,제조일로부터 12개월,주식회사 진웅식품,20040332779215,20241211,20241213
계란,,수제반숙계란장,조림류,제조일로부터 5일,해당없음,한식명가 대송,2023051310217,20241120,20241204
계란,,숙주계란볶음밥,영.유아용 이유식,제조일로부터 25일,해당없음,(주)푸드케어 2공장,20220396175318,20220412,20260321
계란,,순계란죽,즉석조리식품,제조일로부터 30일 이내(냉장),,주식회사 인세이버,20140362959129,20240102,20240106
계란,,순두부 계란죽,즉석조리식품,제조일로부터 9개월,,(주)진성에프엠,199903641582104,20240419,20260201
계란,,순두부 닭가슴살 계란죽,즉석조리식품,제조일로부터 12개월까지,,(주)유월의보리,20190280077743,20231123,20231201
계란,,순두부계란국,즉석조리식품,제조일로부터 5일,,탄도리푸드서비스,2019007318948,20201109,20201111
계란,,순두부계란국,즉석조리식품,제조일로부터 5일,,봉봉푸드,2021032706963,20230405,20260201
계란,,순두부계란국,영.유아용 이유식,제조일로부터 25일,해당없음,(주)푸드케어 2공장,20220396175349,20220412,20260520
계란,,순두부계란찜,즉석조리식품,제조일로부터 7일,,주식회사 플라잉닥터 제2공장,20250483015942,20260515,20260519
계란,,순두부계란찜,기타가공품,제조일로부터 7일(냉장),,집반찬연구소,20010193033627,20210714,20251114
계란,,순두부계란찜,즉석조리식품,제조일로부터 4일(냉장보관),,주식회사 진가네,20170160958307,20240404,20240406
계란,,순두부계란탕,즉석조리식품,제조일로부터 5일,제조일로부터 5일,(주)하니푸드,20210268770480,20240621,20240629
계란,,순두부새우계란찜,영.유아용 이유식,제조일로부터 25일,해당없음,(주)푸드케어 2공장,20220396175782,20230116,20260321
계란,,순두부야채계란국,즉석조리식품,제조일로부터25일,제조일로부터 25일,(주)에르코스농업회사법인,20100231185310,20210415,20210417
계란,,순두부찌개계란찜도시락,즉석섭취식품,제조 후 10시간,,(주)비엘푸드,201902029633116,20260416,20260421
계란,,순예담 순창 간장버터새우계란밥,즉석조리식품,제조일로부터 12개월,,주식회사 엄지식품,20150493208574,20200428,20240117
계란,,숯불향 규동&계란말이,즉석조리식품,제조일로부터 9개월,,(주)아워홈,20090311271794,20201022,20250118
계란,,쉐프원 계란볶음밥,즉석조리식품,제조일로부터 12개월까지,,디유푸드(주),2017057305198,20210614,20250329
계란,,스웰리 계란샌드위치,즉석섭취식품,제조일로부터 72시간까지,,(주)푸드코아,200402750571261,20230623,20230701
계란,,스위트 계란빵,빵류,제조일로부터 9개월,,목화당,20100370402133,20240325,20260624
계란,,스윗칠리통계란빵,빵류,제조일로부터 10일까지(냉장),,주식회사삼립,199503380158754,20230327,20230331
계란,,스트릿 계란빵 믹스,기타가공품,제조일로부터 12개월,,스트릿푸드,2023051298017,20250916,20250919
계란,,스트릿 계란빵 반죽,빵류,제조일로부터 냉장 21일,,스트릿푸드,202305129804,20240207,20260606
계란,,스트릿 계란빵 반죽(냉동),빵류,냉동 6개월,,스트릿푸드,202305129801,20231113,20260606
계란,,스팸®계란볶음밥,즉석조리식품,제조일로부터 6개월까지,,씨제이제일제당(주)진천BLOSSOM CAMPUS,20180450285217,20250528,20260324
계란,,스팸Ⓡ과 계란,즉석조리식품,제조일로부터 12개월,,씨제이제일제당(주) 진천 BLOSSOM CAMPUS 3동,20190450208181,20260506,20260508
계란,,스팸계란김밥,즉석섭취식품,제조시간으로부터 52시간 까지,,(주)비지에프푸드,20200450031707,20260420,20260421
계란,,스팸계란김밥,즉석섭취식품,제조시간으로부터 50시간까지,,(주)원푸드림 주촌지점,20170607069463,20260421,20260423
계란,,스팸계란김밥,즉석섭취식품,제조시간으로부터 52시간,,(주)푸드플래닛,201503831781541,20260415,20260417
계란,,스팸계란김치볶음밥주먹밥,즉석섭취식품,제조 시간으로부터 72시간,-,(주)한국데리카후레쉬,20120358388292,20181231,20210422
계란,,스팸계란마요삼각,즉석섭취식품,제조시간으로부터 44시간,,에코푸드케터링주식회사,20100628235638,20250304,20250311
계란,,스팸계란볶음,즉석섭취식품,제조시간으로부터 52시간까지,,삼성웰스토리 Central Kitchen 아산,20240702932322,20251205,20251206
계란,,스팸계란볶음밥,즉석섭취식품,제조시간으로부터 96시간,,(주)우리델리카,20150443298242,20190812,20231223
계란,,스팸계란삼각김밥,즉석섭취식품,제조시부터 72 시간,,(주)대정,20190545009493,20230421,20250822
계란,,스팸계란야채전,기타가공품,제조일로부터 5일,,주식회사찬장에프에스대전,20220321100316,20221121,20260325
계란,,스팸계란치즈김밥,즉석섭취식품,제조시간으로부터 72시간,-,주식회사지에프에스,20170624144660,20260623,20260624
계란,,스팸계란치즈김밥,즉석섭취식품,제조시로부터 72시간,,(주)델리캡,20180348070792,20260622,20260624
계란,,스팸계란치즈김밥,즉석섭취식품,제조시간으로부터 72시간까지,,(주)후레쉬퍼스트,20180212258793,20260620,20260624
계란,,스팸계란치즈김밥,즉석섭취식품,제조시간으로부터 72시간,,(주)제이비프레시,20200620210648,20260624,20260625
계란,,스팸마요계란김밥,즉석섭취식품,제조일의 제조시간으로부터 72시간,,(주)현대푸드시스템,201305280411579,20221005,20260304
계란,,스팸마요계란김밥,즉석섭취식품,제조시간으로부터 72시간,,(주)제이비프레시,20200620210549,20251201,20260421
계란,,스팸마요계란김밥,즉석섭취식품,제조시간으로부터 72시간까지,,(주)그린키친,20120362606789,20200907,20260307
계란,,스팸마요계란김밥,즉석섭취식품,제조시간으로부터 43시간,,에코푸드케터링주식회사,20100628235508,20201126,20220503
계란,,스팸마요네즈계란볶음밥,즉석섭취식품,제조시간으로부터 72시간,,(주)제이비프레시,20200620210525,20250902,20260411
계란,,스팸마요네즈계란볶음밥,즉석섭취식품,제조일로부터 72시간까지,-,주식회사지에프에스,20170624144432,20240618,20260411
계란,,스팸마요네즈계란볶음밥,즉석섭취식품,제조시간으로부터 72시간,,(주)우리델리카,20150443298769,20240618,20260417
계란,,스팸마요네즈계란볶음밥,즉석섭취식품,제조시로부터 72시간,,(주)델리캡,20180348070534,20240617,20260415
계란,,스팸마요네즈계란볶음밥,즉석섭취식품,제조시간으로부터 72시간까지,,(주)후레쉬퍼스트,20180212258754,20260409,20260415
계란,,스팸치즈계란김밥,즉석섭취식품,제조일시로부터 72시간 이내,,(주)후레쉬서브,200803362281421,20240402,20260626
계란,,시그니처 계란 김밥,즉석조리식품,제조일로부터 냉동12개월 까지,,복을만드는사람들 주식회사 농업회사법인,20200614067171,20250808,20250813
계란,,시금치계란말이,즉석조리식품,제조일로부터 4일,,(주)수미찬,2021004283282,20220323,20220325
계란,,시금치계란찜,즉석조리식품,제조일로부터 4일,,(주)도마소리,20220241566589,20251224,20251231
계란,,시금치표고버섯계란죽,영.유아용 이유식,제조일로부터12일,,순수본 주식회사,2018049118197,20180418,20240228
계란,,식물성 계란 지단(세절),두류가공품,제조일로부터 24개월,,농업회사법인풀로윈(주),20150378102108,20250408,20250429
계란,,식물성 계란 지단(초밥용),두류가공품,24개월,,농업회사법인풀로윈(주),2015037810283,20230807,20250429
계란,,식물성 계란 파우더,두류가공품,제조일로부터 24개월,,주식회사 메타텍스쳐,202304292053,20240507,20260321
계란,,식물성 깁밥용 계란구이,두류가공품,제조일로부터 24개월,,농업회사법인풀로윈(주),20150378102107,20250408,20260625
계란,,식빵고로케(감자계란),서류가공품,제조일로부터 12개월,,농업회사법인공주식품(유),2021046402717,20241010,20241016
계란,,식자재왕 계란야채볶음밥,즉석조리식품,제조일로부터 12개월까지,,농업회사법인 주식회사 한우물,20080493074539,20190330,20240117
계란,,신 계란부추 만두,만두,제조일로부터 12개월,,주식회사 동북푸드,2019032633522,20240523,20240529
계란,,신발원 계란빵,빵류,제조일로부터 13일,,딤섬키친,2022015934021,20251015,20251114
계란,,신선도원 계란볶음밥,즉석조리식품,제조일로부터 12개월,,주식회사 엄지식품,20150493208600,20200623,20240117
계란,,신장케어 장조림계란밥,신장질환자용 식단형 식품,제조일로부터 12개월까지(냉동보관),,에이푸드 주식회사,20090445082610,20231204,20260604
계란,,쌀계란빵,빵류,제조일로부터 9개월 (냉동보관),,벼리제이앤씨,202305260527,20250820,20250826
계란,,쏘야계란볶음밥,즉석조리식품,제조일로부터 1년(냉동보관),,(주)맛과벗,20170362092465,20250224,20250228
계란,,아도겐황제 계란탕소스,소스,9개월(냉동),,세원푸드(주),201003682491752,20220527,20231202
계란,,아빠의 손맛 계란간장소스,소스,제조일로부터 18개월,,주)천년미인,20110538197139,20240831,20240902
계란,,아스파라계란찜,영.유아용 이유식,제조일로부터 25일,해당없음,(주)푸드케어 2공장,20220396175615,20220425,20260321
계란,,아스파새우계란탕,영.유아용 이유식,제조일로부터 25일,해당없음,(주)푸드케어 2공장,20220396175846,20230417,20260321
계란,,아워홈 도톰 계란옷입은 동그랑땡,식육함유가공품,"냉동(-18 ℃ 이하), 9개월",,(주)아워홈,200604452191011,20230727,20230729
계란,,아이들 맛살계란덮밥,조림류,제조일로부터 7일 (냉장),,집반찬연구소,200101930331078,20251202,20251210
계란,,아이들 한우계란소보로덮밥,조림류,제조일로부터 7일(냉장),,집반찬연구소,200101930331087,20260107,20260119
계란,,아이얌 한입쏙 계란볼,과자,제조일로 부터 12개월,,(주) 청우식품,20100372386568,20250814,20250820
계란,,아채계란찜,즉석조리식품,제조일로부터 4일,제조일로부터 4일,주식회사 케이루트,2019028034831,20201106,20201112
계란,,아프로컴퍼니 계란볶음밥,즉석조리식품,제조일로부터 12개월 까지.,,천일식품(주),199301993491431,20241231,20250101
계란,,알리오올리오볶음밥&미트볼&소시지&계란후라이,즉석조리식품,제조일로부터 냉동보관(-18℃이하) 6개월,,주식회사 가람식품,2020015600659,20210504,20211030
계란,,알리오올리오볶음밥&함박스테이크&소시지&계란후라이,즉석조리식품,제조일로부터 냉동보관(-18℃이하) 6개월,,주식회사 가람식품,2020015600658,20210428,20211030
계란,,알찬정식계란밥&함박파스타,즉석섭취식품,제조일시로부터 72시간 이내,,(주)후레쉬서브,200803362281534,20250513,20250520
계란,,암케어 장조림계란현미밥,암환자용 식단형 식품,제조일로부터 12개월까지(냉동보관),,에이푸드 주식회사,20090445082611,20231204,20260604
계란,,압도적뉴계란김밥,즉석섭취식품,제조시간으로부터 52시간,,(주)푸드플래닛,201503831781443,20251117,20251120
계란,,압도적뉴계란김밥,즉석섭취식품,제조시간으로부터 50시간까지,,(주)원푸드림 주촌지점,20170607069240,20240726,20251126
계란,,압도적플러스NEW치즈계란,즉석섭취식품,제조시간으로부터 50시간까지,,(주)원푸드림 주촌지점,20170607069363,20250630,20251126
계란,,압도적플러스치즈계란,즉석섭취식품,제조시간으로부터 52시간 까지,,(주)비지에프푸드,20200450031529,20250626,20260116
계란,,압도적플러스치즈계란,즉석섭취식품,제조시간으로부터 52시간,,(주)푸드플래닛,201503831781332,20250628,20251104
계란,,앙만주 계란,빵류,제조일로부터 12개월까지,,(주)화과방,20000484353917,20250319,20250321
계란,,애월아빠들 계란과자,과자,제조일로 부터 1년,제조일로 부터 1년,주식회사 제주내먹,20130631190192,20220411,20230322
계란,,애호박 계란구이,즉석조리식품,제조일로부터 5일,,도리깨침,20200280142915,20251121,20251125
계란,,애호박계란건새우만두소,기타가공품,제조일로부터 7일,,희가덕식품,2025050440710,20250924,20250926
계란,,애호박참깨계란볶음,즉석조리식품,제조일로부터 12일,,순수본 주식회사,20180491181631,20241018,20241023
계란,,앤리치 계란볶음밥,즉석조리식품,제조일로부터 12개월,,주식회사 엄지식품,201504932081207,20240311,20240315
계란,,앤의 사랑스러운 계란 카스테라,빵류,제조일로부터 20일까지(실온),,주식회사삼립,199503380158686,20221202,20221207
계란,,야채계란국,즉석조리식품,제조일로부터 12일,,순수본 주식회사,20180491181193,20190402,20240117
계란,,야채계란말이,즉석섭취식품,제조일로부터 5일,첨부파일 참조,다미온,2022031860871,20240510,20250730
계란,,야채계란말이,기타가공품,5일,,아람찬,2022018840622,20220730,20220805
계란,,야채계란말이,즉석섭취식품,제조일부로 냉장 4일,제조일로부터 냉장 5일,주식회사 위대한밥상,2011047810339,20210528,20240117
계란,,야채계란말이,알함유가공품,3일,,(주)처가식품,1998032009795,20090217,20180118
계란,,야채계란말이,조림류,제조일로부터 7일,,(주)육십오도씨,20220274644199,20250522,20250727
계란,,야채계란말이,즉석조리식품,제조일로부터7일(냉장보관),-,(주)비움,20180217306224,20201130,20250826
계란,,야채계란말이,즉석섭취식품,제조일로부터 4일,,(주)하니푸드,20210268770595,20250811,20250821
계란,,야채계란말이,기타가공품,제조일로부터 7일(냉장),,집반찬연구소,20010193033269,20180614,20251022
계란,,야채계란말이,즉석조리식품,제조일로부터 6일,,주식회사장모님에프앤비,20230300165167,20241022,20241023
계란,,야채계란말이,기타가공품,제조일로부터 7일,,주식회사장모님에프앤비,20230300165177,20250219,20250222
계란,,야채계란장,조림류,제조일로부터 15일,,팜스더프레시,20220299544359,20250515,20250520
계란,,야채계란찜,기타가공품,제조일로부터 7일(냉장),,집반찬연구소,20010193033455,20200330,20251114
계란,,야채계란찜,즉석조리식품,제조일로부터 냉장4일,,동이푸드,2015036231540,20151218,20171204
계란,,야채계란찜,즉석조리식품,제조일로부터 7일,,농업회사법인 소생로컬푸드 주식회사 제2공장,20210559160418,20241113,20241115
계란,,야채계란찜,즉석조리식품,제조일로부터 4일(냉장보관),,주식회사 진가네,20170160958306,20240404,20240406
계란,,야채듬뿍 계란장,조림류,제조일로부터 5일,,도리깨침,20200280142557,20230829,20260129
계란,,야채볶음(계란게살볶음밥용),기타가공품,냉장 5일,5일,정직한 사람들,2024056963113,20260428,20260430
계란,,야채쏭쏭계란찜,즉석조리식품,제조일로부터 4일,,라임에프앤비(주),20210222240101,20210423,20240201
계란,,야채와 계란블럭,기타가공품,제조일로부터 18개월,,(주)대도F&D,19920392069326,20220816,20230610
계란,,양반 노릇한 계란옷 입힌 새우부추완자,기타 수산물가공품,제조일로부터 12개월까지,,(주)네이처앤컬처,20020347127213,20250820,20250829
계란,,양반 마파두부 계란볶음밥,즉석조리식품,냉동. 12개월,,(주)시아스,200504150205007,20250414,20250712
계란,,양배추 계란구이,즉석조리식품,제조일로부터 5일,,도리깨침,20200280142903,20251112,20251114
계란,,양배추 치즈 계란구이,즉석조리식품,제조일로부터 5일,,도리깨침,20200280142914,20251121,20251125
계란,,양지버섯국계란찜도시락,즉석섭취식품,제조 후 10시간,,(주)비엘푸드,201902029633060,20260217,20260220
계란,,어떤 재료도 잘 어울리는 계란야채볶음밥,즉석조리식품,제조일로부터 12개월까지,,농업회사법인 주식회사 한우물,200804930741572,20250708,20250710
계란,,어린이 계란후라이덮밥도시락,즉석섭취식품,제조시간으로부터 8시간,,오에스케이터링(주),20160628608239,20221031,20221102
계란,,어성초야채계란말이,알함유가공품,냉장보관 3일,,(주)처가식품,19980320097140,20131007,20190427
계란,,얼큰짬뽕계란탕,즉석조리식품,제조일로부터 4일,,(주)하니푸드,20210268770597,20250909,20250911
계란,,엄지 계란볶음밥,즉석조리식품,제조일로부터 12개월,,(주)엄지식품,2021050412319,20211118,20240117
계란,,엄지계란볶음밥,즉석조리식품,제조일로부터 12개월,,주식회사 엄지식품,20150493208261,20180604,20241005
계란,,에브리원셰프 NEW 계란야채 볶음밥,즉석조리식품,제조일로부터 12개월까지,,농업회사법인 주식회사 한우물,20080493074839,20201211,20240117
계란,,엔케이 누룽지새우계란죽,즉석조리식품,제조일로부터 냉동에서 12개월까지,,(주)로뎀푸드,20070372333537,20221128,20241004
계란,,연두부계란푸딩,즉석조리식품,제조일로부터 30일,,주)짱죽,20140512224904,20250430,20250503
계란,,연어 계란볶음밥,즉석조리식품,제조일로부터 1년(냉동보관),,(주)맛과벗,20170362092324,20220607,20240928
계란,,연어 계란볶음밥,즉석조리식품,제조일로부터 12개월,,농업회사법인(주)별담푸드,2025092401422,20250116,20250227
계란,,연하도움식 클로렐라 계란죽,즉석조리식품,제조일로부터 12개월까지,,대상푸드플러스주식회사,198804490042532,20220121,20220811
계란,,엽불 야채계란죽,즉석조리식품,제조일로부터 12개월,,농업회사법인주식회사해미래,20120548569510,20260407,20260408
계란,,영양 계란찜,즉석조리식품,제조일로부터 5일,,도리깨침,20200280142332,20221010,20251107
계란,,영양 버섯계란죽,즉석조리식품,제조일로부터 12개월,,한국에스비식품(주),196903640042124,20241202,20260201
계란,,영양 새우계란죽,즉석조리식품,제조일로부터 12개월,,한국에스비식품(주),196903640042123,20241202,20260201
계란,,영양국 생선살계란국,즉석조리식품,제조일로부터 10일,,(주)베베쿡,200303806611914,20180529,20250815
계란,,영양국 야채계란탕,즉석조리식품,제조일로부터 10일,,(주)베베쿡,200303806611940,20180529,20240619
계란,,영양국 한우계란목이탕,즉석조리식품,제조일로부터 10일,,(주)베베쿡,200303806611981,20180530,20240621
계란,,영양반찬 닭고기계란덮밥소스,즉석조리식품,제조일로부터 10일,,(주)베베쿡,200303806612592,20220822,20231012
계란,,영양반찬 닭고기계란소스,즉석조리식품,제조일로부터 10일,,(주)베베쿡,200303806613158,20260316,20260320
계란,,영양반찬 새우계란찜,즉석조리식품,제조일로부터 10일,,(주)베베쿡,200303806612604,20220824,20230915
계란,,영양반찬 한우계란버섯볶음,즉석조리식품,제조일로부터 10일,,(주)베베쿡,200303806612961,20240822,20240824
계란,,영양반찬 한우계란볶음,즉석조리식품,제조일로부터 10일,,(주)베베쿡,200303806612580,20220816,20231017
계란,,영양밥 계란아스파라거스야채덮밥,즉석조리식품,제조일로부터 10일,,(주)베베쿡,200303806612314,20210420,20240524
계란,,영양밥 닭고기계란덮밥,즉석조리식품,제조일로부터 10일,,(주)베베쿡,200303806611835,20180528,20240523
계란,,영양밥 돈육계란덮밥,즉석조리식품,제조일로부터 10일,,(주)베베쿡,200303806612910,20230926,20231212
계란,,영양쏙쏙 보들고소 햄계란볶음밥,즉석조리식품,제조일로부터 10일,,(주)베베쿡,200303806612988,20241219,20260411
계란,,옛날계란장조림,조림류,제조일로부터90일,,동이푸드,20150362315520,20230804,20230810
계란,,옛날계란찜,즉석조리식품,제조일로부터 4일,,라임에프앤비(주),20210222240453,20221212,20240201
계란,,오늘도 와사비 크래미 계란 메밀 김밥,즉석섭취식품,제조일로부터 5일,,(주)빠띠쁘레,2023048163647,20250715,20250716
계란,,오늘도 와사비 크래미 유부 계란김밥,즉석섭취식품,제조일로부터 5일,해당없음.,(주)빠띠쁘레,2023048163632,20250706,20251107
계란,,오늘도 참치마요 계란김밥,즉석섭취식품,제조일로부터 5일,,(주)빠띠쁘레,2023048163631,20250706,20250709
계란,,오늘좋은 계란쿠키,과자,제조일로부터 12개월,,주식회사 신흥제과,19950464070187,20180530,20240120
계란,,오늘한끼 계란볶음밥,곡류가공품,제조일로부터 12개월까지,,디유푸드(주),20170573051161,20240802,20240806
계란,,오뚜기 가뿐한끼 새우계란 곤약볶음밥,즉석조리식품,제조일로부터 12개월,,오뚜기냉동식품 주식회사,20040355580550,20230530,20230605
계란,,오뚜기 고소한참깨계란블럭,알함유가공품,제조일로부터 12월,,상미식품주식회사,19910449004392,20141114,20210904
계란,,오리지날 계란빵,빵류,제조일로부터 12개월까지,,(주)대승푸드,2025056908514,20251217,20260128
계란,,오리지날계란후라이시즈닝,기타가공품,제조일로부터 18개월까지,,(주)아이엠소스,20120046517432,20220310,20231230
계란,,오리지널 계란빵,빵류,제조일로부터 6개월까지,,중독팩토리,2019006437559,20231204,20231208
계란,,오리지널계란샌드,즉석섭취식품,제조시간으로부터 94시간,,(주)비지에프푸드,20200450031657,20260226,20260505
계란,,오리지널계란샌드,즉석섭취식품,제조일로부터 72시간까지,,(주)푸드코아,200402750571674,20260423,20260429
계란,,오리지널플레인계란빵,빵류,제조일부터 9개월까지,,(주)도깨비제과,2024028385046,20251209,20251210
계란,,오리진 구운계란핫도그,빵류,제조일로부터 12개월까지,,봄안에,2023051761318,20240124,20260201
계란,,오메가계란노른자소면,건면,24개월,해당없음.,효천푸드,1986037205099,20201208,20201216
계란,,오믈레햄계란볶음밥,즉석섭취식품,제조시간으로부터 96시간,,(주)우리델리카,20150443298894,20250527,20250529
계란,,오믈레햄계란볶음밥,즉석섭취식품,제조일의 제조시간으로부터 72시간,,(주)가온에프에스,201105280671042,20250521,20250603
계란,,오분전 계란야채전,기타가공품,제조일로부터 12개월,,농업회사법인(주)영풍,20220233480154,20260429,20260430
계란,,오븐에 구운 계란과자,과자,실온 2개월,,파파브레드,20110275040759,20220923,20220929
계란,,오븐에 구운 명란요리와 계란볶음밥,즉석조리식품,제조일로부터 11개월,제조일로부터 11개월,(주)세종인터내셔날,2021010897385,20250328,20250404
계란,,오아시스 샌드위치용 계란샐러드,즉석섭취식품,제조일로부터 40일까지,,(주)엠디에스코리아 3공장,20150355222511,20241219,20250215
계란,,오즈키친 계란게살죽,즉석조리식품,제조일로부터 12개월까지,,(주)오뚜기,20010445055899,20250718,20250723
계란,,오즈키친 샤브계란죽,즉석조리식품,12개월,,(주)오뚜기,20010445055715,20240201,20240203
계란,,오직자연만담은유정란계란북엇국,즉석조리식품,제조일로부터 24개월,,농업회사법인 주식회사 연꽃마을,20110358180114,20250310,20250311
계란,,온가족 계란 볶음밥,즉석조리식품,12개월 / 냉동,,(주)시아스,200504150205114,20251002,20251202
계란,,온가족 계란 볶음밥,즉석조리식품,제조일로부터 12개월 까지.,,천일식품(주),199301993491426,20241206,20241207
계란,,올리브앤더블치즈 계란빵,빵류,제조일부터9개월까지,,(주)도깨비제과,2024028385042,20251126,20251128
계란,,올바르고 반듯한 계란만두,만두,제조일로부터 12개월,해당없음.,세린식품(주),20100380269648,20221122,20231123
계란,,올바르고 반듯한 노란 계란 옷을 입은 바삭한 고단백 동태전,기타 수산물가공품,제조일로부터 냉동 12개월까지,,(주)하늘푸드제2공장,20140364316203,20181025,20260201
계란,,올반 美味 중화식 계란볶음밥,즉석조리식품,제조일로부터 9개월,,주식회사 엄지식품,20150493208934,20220411,20240117
계란,,올특찬 아삭 채소를 담은 참치야채계란찜,즉석조리식품,제조일로부터 10일,,(주)베베쿡,200303806612329,20210809,20251128
계란,,올특찬 톡톡 날치알계란찜,즉석조리식품,제조일로부터 10일,,(주)베베쿡,200303806612947,20240705,20251225
계란,,올특찬 해물모둠계란찜,즉석조리식품,제조일로부터 10일,,(주)베베쿡,200303806612403,20211130,20240529
계란,,와그작 스팸계란김밥,즉석섭취식품,제조일로부터 72시간 이내,,주식회사 탭스인터내셔널,20230377181103,20260424,20260505
계란,,와그작 오이계란김밥,즉석섭취식품,제조일로부터 72시간,,주식회사 탭스인터내셔널,20230377181107,20260619,20260623
계란,,와사비계란모닝샌드&샐러드,즉석섭취식품,제조일로부터 60시간,,(주)현대그린푸드 스마트푸드센터,201902803274099,20250328,20250913
계란,,와사비크래미 계란메밀김밥,즉석섭취식품,제조일로부터 5일,제조일로부터 5일,농업회사법인(주) 담푸른,20160338669419,20240709,20240713
계란,,와사비크래미 계란메밀마끼,즉석섭취식품,제조일로부터 5일,,(주)빠띠쁘레,2023048163636,20250707,20250709
계란,,와사비크래미 계란메밀마끼,즉석섭취식품,제조일로부터 5일,,농업회사법인(주) 담푸른,20160338669132,20230330,20240403
계란,,와사비크래미유부 계란김밥,즉석섭취식품,제조일로부터 5일,제조일로부터 5일,농업회사법인(주) 담푸른,20160338669421,20240709,20240713
계란,,와사비크래미유부 계란마끼,즉석섭취식품,제조일로부터 5일,,농업회사법인(주) 담푸른,20160338669131,20230330,20240327
계란,,왕계란폭탄김밥,즉석섭취식품,제조시간으로부터 48시간,,(주)우리델리카,20150443298398,20201208,20201211
계란,,요리조리 영양죽 8호(계란야채죽 set),즉석섭취식품,제조후 10시간,,요리조리사회적협동조합,2020032652349,20200720,20200730
계란,,요리하다 간장계란 닭가슴살 곤약볶음밥,즉석조리식품,제조일로부터 12개월까지,,농업회사법인 주식회사 한우물,20080493074972,20210714,20240117
계란,,요리하다 교동전선생 계란입은 노릇한 표고전,기타가공품,내수용 : 제조일로부터 12개월 / 수출용 : 수출목적 제품으로 수입자 요구기준에 맞게 설정,,(주)사옹원,20210452332530,20250711,20250806
계란,,요리하다 햄계란김치볶음밥,즉석조리식품,제조일로부터 9개월,,오뚜기냉동식품 주식회사,20040355580220,20180619,20180625
계란,,요리하다 햄계란볶음밥,즉석조리식품,12개월 냉동(-18℃이하),,(주)시아스,200504150205031,20250609,20250718
계란,,요리하다 황금계란만두,만두,제조일로부터 12개월,,(주) 푸르온,199904613861045,20240524,20240711
계란,,우도땅콩계란과자,과자,제조일로 부터 1년,제조일로 부터 1년,주식회사 제주내먹,20130631190250,20230707,20230719
계란,,우리계란볶음밥,즉석조리식품,제조일로부터 9개월까지.,,천일식품(주),199301993491327,20220921,20220923
계란,,우리농 계란과자,과자,6개월,,눈비산농산 영농조합법인,200104440827,20180219,20191218
계란,,우리밀 딸기계란과자,과자,제조일로부터 1년,해당없음.,(주)대산후드 탄현2공장,19930355028291,20251205,20251212
계란,,우리밀 칼슘 계란과자,과자,제조일로부터 12개월,,(주)대산후드 탄현2공장,19930355028262,20240415,20240423
계란,,우리밀계란과자,과자,제조일로부터 1년(건냉한 장소에 보관),,(주)대산후드 탄현2공장,19930355028111,20080513,20190425
계란,,우리밀계란쿠키,과자,제조일로부터 50일,,농업회사법인(주)세종우리밀,2019026262315,20211220,20211230
계란,,우리밀로만든계란쿠키,과자,제조일로부터 1년,해당없음.,(주)대산후드 탄현2공장,19930355028201,20180910,20211218
계란,,우리밀오리지널(통)계란빵,빵류,제조일부터 12개월,,호모사피엔스,2024027457232,20260206,20260211
계란,,우리밀햄치즈(통)계란빵,빵류,제조일로부터 12개월,,호모사피엔스,2024027457233,20260206,20260212
계란,,우리쌀스시도넛(계란),빵류,냉동보관270일,,(주)팔래스코리아,20190293008136,20231102,20251225
계란,,우유와 계란으로 만든 단팥붕어빵,빵류,제조일로부터 12개월 까지,,(주)화과방,20000484353764,20190808,20240117
계란,,우유와 계란으로 만든 우유크림붕어빵,빵류,제조일로부터 12개월 까지,,(주)화과방,20000484353763,20190808,20240117
계란,,원테이블 새우계란볶음밥,즉석조리식품,제조일로부터 12개월까지,,농업회사법인 주식회사 한우물,200804930741777,20260519,20260521
계란,,원투나인푸드 계란볶음밥,즉석조리식품,제조일로부터 12개월까지,,농업회사법인 주식회사 한우물,200804930741586,20260210,20260221
계란,,월요일(한식계란말이+깨순두부버무리+미역줄기볶음),즉석섭취식품,제조일로부터 4일,,(주)육십오도씨,20220274644280,20260109,20260114
계란,,웰빙앤찬 계란 장조림,조림류,제조일로부터 7일,,(주)푸드앤찬,2017041506833,20180511,20240517
계란,,웰빙앤찬 계란말이,즉석조리식품,"제조일로부터 (냉장7일, 냉동12개월)",,(주)푸드앤찬,2017041506872,20221213,20250826
계란,,위드밀 콘치즈 계란빵,빵류,제조일로부터 12개월까지,,(주)대승푸드,2025056908515,20251215,20251218
계란,,유기농 계란쿠키,과자,제조일로부터 12개월,,(주)대산후드 탄현2공장,19930355028263,20240419,20240605
계란,,유니짜장계란볶음밥,즉석조리식품,제조일로부터 12개월,,(주)현대그린푸드 스마트푸드센터,201902803273067,20230803,20260417
계란,,유부초밥&계란김밥,즉석섭취식품,제조시간으로부터 42시간,,롯데부산CK 주식회사,200206143692825,20240718,20240726
계란,,유부초밥&계란김밥,즉석섭취식품,제조시간으로부터 45시간,,롯데평택CK 주식회사,199503062742021,20240711,20240928
계란,,유부초밥계란김밥세트,즉석섭취식품,72시간,,(주)탭스인터내셔널1공장,20170275045413,20260511,20260527
계란,,유씨아저씨의계란찜파우더,기타가공품,18개월,,(주)아이엠소스,20120046517226,20181103,20251213
계란,,유어스 프리미엄 감동란 계란쿠키,과자,제조일로부터 1년,제조일로 부터 1년,주식회사 제주내먹,20130631190190,20220405,20240702
계란,,유어스)계란국,즉석조리식품,제조일로부터18개월까지,,우일수산(주),19940471029550,20190124,20190202
계란,,유정란 계란버터쿠키,과자,제조일로부터 12개월,제조일로부터 12개월,(주)제이주원컴퍼니,20210225314106,20250401,20250403
계란,,이우스 장조림버터계란덮밥 밀키트,간편조리세트,제조일로부터 12개월,,솜씨협동조합,20180348238506,20241229,20250829
계란,,익숙한 계란장,조림류,10일,제조일로부터 10일,익숙한 푸드,202507756692,20250814,20250819
계란,,인생닭 간편도시락 귀리밥&계란후라이,즉석조리식품,제조일로부터 12개월,,(주)더빱,20130467091228,20200618,20220330
계란,,인생닭 간편도시락 현미잡곡밥&계란후라이,즉석조리식품,제조일로부터 12개월,,(주)더빱,20130467091227,20200618,20220330
계란,,일본식 계란말이,즉석조리식품,제조일로부터 5일,,도리깨침,20200280142919,20251203,20251206
계란,,일식계란김밥,즉석섭취식품,제조시로부터 72시간,,(주)델리캡,20180348070770,20260413,20260414
계란,,일식계란김밥,즉석섭취식품,제조시간으로부터 72시간,,(주)우리델리카,20150443298639,20230315,20260421
계란,,일식계란김밥,즉석섭취식품,제조시간으로부터 72시간,-,(주)한국데리카후레쉬,201203583881021,20260413,20260418
계란,,일오삼계란빵반죽,기타가공품,7일(냉장),,청호식품,2003033846522,20161013,20161013
계란,,임셰프도시락 계란볶음밥&떡갈비,즉석조리식품,제조일로부터 12개월(냉동),,(주)맛과벗,2017036209264,20180626,20210429
계란,,잇메이트 닭가슴살 몬스터 귀리볶음밥 간장계란,즉석조리식품,제조일로부터 12개월,,오뚜기냉동식품 주식회사,20040355580532,20230309,20240924
계란,,잇메이트 현미 빠삭 주먹밥 간장계란,즉석조리식품,제조일로부터 12개월,,오뚜기냉동식품 주식회사,20040355580629,20241225,20250419
계란,,자이언트 닭가슴살 볶음밥 간장계란,즉석조리식품,제조일로부터 12개월까지,,농업회사법인 주식회사 한우물,200804930741499,20241113,20241116
계란,,자주 계란과자,과자,제조일로부터 12개월,,주식회사 신흥제과,19950464070200,20240312,20240323
계란,,잠백이 닭가슴살 간장계란밥,즉석조리식품,냉동. 12개월,,(주)시아스,200504150204685,20230613,20230615
계란,,잠백이 점보 닭가슴살 볶음밥 간장계란,즉석조리식품,12개월,,(주)취영루,19920355173474,20241024,20260501
계란,,잡채계란만두전,즉석조리식품,제조일로부터 7일,,(주)하니푸드,20210268770102,20210511,20240305
계란,,장군계란빵 반죽,기타가공품,제조일로부터7일,,국민푸드,2008036479726,20160919,20260201
계란,,장어계란 초밥,즉석섭취식품,제조일로부터 48시간,,농업회사법인주식회사큰울,2024032042458,20260520,20260522
계란,,장조림 버터계란덮밥,즉석조리식품,제조일로부터 9개월,,(주)다솜푸드,2016036332371,20181101,20181102
계란,,장조림계란덮밥,즉석조리식품,제조일로부터 9개월,,(주)씨케이케이,2013036469392,20180612,20260201
계란,,장조림계란비빔밥,즉석조리식품,제조일로부터 12개월까지 (냉동보관),해당없음.,메디쏠라 연구소 키친,20160116016410,20231115,20251225
계란,,장조림계란비빔밥,즉석조리식품,제조일로부터 12개월까지(냉동보관),,에이푸드 주식회사,20090445082597,20231204,20260604
계란,,장조림계란삼각,즉석섭취식품,제조시간으로부터 52시간,,(주)비지에프푸드,20200450031418,20241111,20260410
계란,,장조림계란삼각,즉석섭취식품,제조시간으로부터 52시간,,(주)푸드플래닛,201503831781546,20260428,20260501
계란,,장푸드 계란야채볶음밥,즉석조리식품,제조일로부터 12개월까지,,농업회사법인 주식회사 한우물,20080493074298,20161216,20240117
계란,,잭선장 계란장,절임식품,냉장 15일,,주식회사형돈유통,2022046806671,20230719,20230721
계란,,저당 맛있는 닭가슴살 간장계란볶음밥,즉석조리식품,제조일로부터 9개월까지,,농업회사법인 주식회사 한우물,20080493074963,20210624,20241221
계란,,저당 현미곤약 닭가슴살햄 계란 김밥,즉석조리식품,냉동 12개월,,(주)이에스그린푸드,20170443338693,20240623,20240731
계란,,저당계란빵 반죽,빵류,제조일로부터 냉동 6개월,제조일로부터 냉동 6개월,주식회사 황금에프앤비,2020040201370,20230913,20230916
계란,,저당계란빵 반죽(냉장),빵류,제조일로부터 냉장 10일,제조일로부터 냉장 10일,주식회사 황금에프앤비,2020040201372,20230917,20230922
계란,,저당식단 콜리플라워계란볶음 세트,즉석섭취식품,제조일로부터 4일,,(주)현대그린푸드 스마트푸드센터,20190280327841,20200428,20230509
계란,,저당장조림버터계란밥,즉석조리식품,제조일로부터 9개월,,(주)씨케이케이,20130364693236,20220516,20260201
계란,,전각 계란볶음밥,즉석조리식품,제조일로부터 12개월,,농업회사법인(주)별담푸드,20250924014135,20260604,20260609
계란,,전복 계란말이 두부저당김밥,즉석조리식품,제조일로부터 냉동12개월 까지,,복을만드는사람들 주식회사 농업회사법인,20200614067137,20241127,20241129
계란,,전복계란무스비(12입),즉석섭취식품,"제조시간으로부터 45시간 (미생물 및 관능검사 결과, 제조시간으로부터 64시간까지 유통이 가능하며 70% 안전율 감안하여 45시간으로 설정)",,롯데평택CK 주식회사,199503062741642,20220112,20220114
계란,,전복계란무스비(24입),즉석섭취식품,"제조시간으로부터 37시간 (미생물 및 관능검사 결과, 제조시간으로부터 53시간까지 유통이 가능하며 70% 안전율 감안하여 37시간으로 설정)",,롯데평택CK 주식회사,199503062741751,20220812,20220817
계란,,전복내장계란김밥,즉석섭취식품,제조일로부터 48시간,,(주)현대그린푸드 스마트푸드센터,201902803274748,20260211,20260213
계란,,전복돈까스&계란무스비(12입),즉석섭취식품,"제조시간으로부터 45시간 (미생물 및 관능검사 결과, 제조시간으로부터 64시간까지 유통이 가능하며 70% 안전율 감안하여 45시간으로 설정)",,롯데평택CK 주식회사,199503062741643,20220112,20220114
계란,,전사랑 계란전,기타가공품,제조일로부터 1년,,푸드글로리,2014037508917,20241007,20241008
계란,,점보 닭가슴살 간장계란덮밥,즉석조리식품,제조일로부터 12개월,,농업회사법인(주)별담푸드,2025092401492,20251219,20251230
계란,,점보3단계란감자,즉석섭취식품,제조시간으로부터 73시간,,(주)비지에프푸드,20200450031347,20231227,20231229
계란,,정갈하게 담아낸 계란찜,기타가공품,제조일로부터 21일 까지,,(주)풍림푸드,19940443076192,20221012,20240416
계란,,정성담은 한상 정직한 한끼 백명란을 얹은 마요 계란볶음밥,즉석조리식품,제조일로부터 11개월,제조일로부터 11개월,(주)세종인터내셔날,2021010897390,20250516,20250520
계란,,정성담은 한상 정직한 한끼 케이퍼와 백명란을 넣은 계란볶음밥,즉석조리식품,제조일로부터 11개월,제조일로부터 11개월,(주)세종인터내셔날,2021010897389,20250516,20250520
계란,,"정성담은 한상, 계란볶음밥",즉석조리식품,제조일로부터 12개월,제조일로부터 12개월,(주)세종인터내셔날,2021010897375,20240618,20240619
계란,,정성담은 황태계란무국,즉석조리식품,제조일로부터 7일,,(주)강남밥상,20200280079382,20250829,20260416
계란,,제대로 만든 한 끼 시금치계란볶음밥,즉석조리식품,제조일로부터 12개월까지,,농업회사법인 주식회사 한우물,200804930741702,20260617,20260618
계란,,제주 동물복지 유정란 계란쿠키,과자,제조일로부터1년,제조일로부터 1년,주식회사 제주내먹,20130631190291,20240923,20241106
계란,,제주계란과자,과자,제조일로부터300일,,(주)한솜푸드,2018062180126,20200213,20220216
계란,,제주당근 계란김밥,즉석섭취식품,제조시부터 72시간,,농업회사법인주식회사해미래,20120548569516,20260623,20260625
계란,,제주동물복지유정란으로만든우리밀계란과자,과자,제조일로부터 1년,제조일로부터 1년,주식회사 제주내먹,20130631190222,20221202,20230615
계란,,제주솥님 계란찜소스,소스,제조일로부터 6개월,해당없음,(주)씨에이치푸드,20220862095308,20260527,20260529
계란,,조랭이떡국계란찜도시락,즉석섭취식품,제조 후 10시간,,(주)비엘푸드,201902029633058,20260123,20260124
계란,,조르니키친 계란 메밀 김밥,즉석섭취식품,제조일로부터 6일,,(주)빠띠쁘레,2023048163643,20250715,20250723
계란,,조르니키친 계란듬뿍 모닝 샌드위치,즉석섭취식품,제조일로부터 5일,,(주)빠띠쁘레,2023048163646,20250715,20250725
계란,,조르니키친 계란듬뿍 모닝 샌드위치,즉석섭취식품,제조일로부터 5일,,농업회사법인(주) 담푸른,20160338669146,20230523,20231213
계란,,조르니키친 메밀계란김밥,즉석섭취식품,제조일로부터 5일,,(주)빠띠쁘레,2023048163645,20250715,20250725
계란,,조르니키친 식단표 와사비 크래미 계란메밀마끼,즉석섭취식품,제조일로부터 5일,,(주)빠띠쁘레,2023048163654,20250908,20250919
계란,,조르니키친 식단표 와사비 크래미 유부 계란마끼,즉석섭취식품,제조일로부터 5일,,(주)빠띠쁘레,2023048163655,20250908,20250919
계란,,조르니키친 식단표 참치마요 계란마끼,즉석섭취식품,제조일로부터 5일,,(주)빠띠쁘레,2023048163656,20250908,20250919
계란,,조르니키친 와사비 크래미 유부 계란마끼,즉석섭취식품,제조일로부터 5일,,(주)빠띠쁘레,2023048163642,20250715,20250730
계란,,조르니키친 참치마요 계란마끼,즉석섭취식품,제조일로부터 5일,,(주)빠띠쁘레,2023048163641,20250707,20250712
계란,,조르니키친 추억의 계란사라다 소세지빵,즉석섭취식품,제조일로부터 6일,,(주)빠띠쁘레,2023048163639,20250707,20250712
계란,,좀비딸로스팜마요계란볶음밥,즉석섭취식품,제조시간으로부터 52시간,,롯데부산CK 주식회사,200206143693031,20250731,20250805
계란,,좀비딸로스팜마요계란볶음밥,즉석섭취식품,제조시간으로부터 52시간,,롯데평택CK 주식회사,199503062742134,20250724,20250726
계란,,좀비딸애용이치즈냥계란김밥,즉석섭취식품,제조 시간으로부터 52시간 까지,,롯데부산CK 주식회사,200206143693034,20250811,20250813
계란,,좀비딸애용이치즈냥계란김밥,즉석섭취식품,제조시간으로부터 52시간 까지,,롯데평택CK 주식회사,199503062742138,20250801,20250805
계란,,주전동계란빵반죽(냉동),빵류,제조일로부터 6개월,,(주)제이팩토리,2020025619378,20231207,20231212
계란,,주황버섯의 계란과자,과자,제조일로부터 12개월 까지,해당없음,(주)대산후드 탄현2공장,19930355028247,20221130,20230603
계란,,죽공방후룩 계란야채죽,즉석조리식품,제조일로부터 35일 냉장보관,,새싹푸드,20120311458137,20240429,20260201
계란,,중국식 계란볶음밥,곡류가공품,냉장 3일,,(주)이에스그린푸드,20170443338638,20240128,20240130
계란,,중화계란볶음밥,즉석조리식품,제조일로부터 12개월,,주식회사 엄지식품,20150493208404,20190827,20260206
계란,,중화청경채계란볶음밥,즉석조리식품,냉동. 12개월,,(주)시아스,200504150204548,20220922,20221209
계란,,중화풍계란볶음밥,즉석조리식품,제조일로부터 5일까지,-,(주)산호에프앤비,2023028136763,20240221,20240227
계란,,즉석계란국,즉석조리식품,제조일로부터18개월까지,,우일수산(주),19940471029606,20210729,20210730
계란,,지니의 계란에 비벼먹는 간장,소스,12개월,,농업회사법인리브푸드주식회사,2021045636125,20240228,20240229
계란,,지향 계란찜육수,즉석조리식품,제조일로부터 12개월까지,제조일로부터 12개월까지,(주)지향이노베이션,202406581326,20240510,20240515
계란,,진가네 계란말이,즉석조리식품,제조일로부터 5일까지,,주식회사 진가네,2017016095897,20240326,20240328
계란,,진또배기마늘계란프라이짜장밥,즉석섭취식품,제조시간으로부터 96시간,,(주)우리델리카,20150443298569,20220920,20230405
계란,,진미소스계란간장,소스,제조일로부터 12개월,해당없음,(주)진미식품,20110444050108,20190124,20211110
계란,,짐밥소불고기&계란,즉석조리식품,제조일로부터 12개월까지,,주식회사 시아스쿡,20180452033232,20220517,20220727
계란,,짐밥소불고기&계란용베이스밥,즉석조리식품,냉동.12개월,,(주)시아스,200504150204460,20220518,20220521
계란,,짜장&계란볶음밥 세트,신장질환자용 식단형 식품,제조일로부터 4일,,(주)현대그린푸드 스마트푸드센터,201902803274489,20250826,20250827
계란,,짜장계란치킨용소스,소스,제조일로부터 6개월,,(주)삼진푸드,199104430292559,20240816,20240828
계란,,짜장계란치킨치밥용소스,소스,제조일로부터 6개월,,(주)삼진푸드,199104430292557,20240816,20240907
계란,,짜장소스가들어간계란볶음밥,즉석조리식품,"냉동, 12개월(유통기한 짧은 제품으로 표시)",,(주)시아스,200504150204002,20201202,20201223
계란,,쫀득란빵 대파베이컨치즈 계란빵,빵류,제조일부터 12개월까지,,(주)도깨비제과,2024028385012,20241011,20260227
계란,,쫀득란빵 콘치즈 계란빵,빵류,제조일부터 12개월까지,,(주)도깨비제과,2024028385011,20241011,20260227
계란,,쫀득란빵 페퍼로니 피자계란빵,빵류,제조일부터12개월까지,,(주)도깨비제과,2024028385015,20241108,20260227
계란,,쭈월당 계란찜파우더,복합조미식품,제조일로부터 12개월,,주식회사 스파이시코리아,202404172735,20240705,20240706
계란,,찟은 닭가슴살 & 계란후라이 샐러드,즉석조리식품,9개월,,대신HMR,2010057020165,20220204,20220205
계란,,찢은 닭가슴살 & 계란후라이 샐러드,즉석조리식품,제조일로부터 냉동보관(-18℃이하) 9개월,,주식회사 가람식품,2020015600682,20220127,20220129
계란,,차알 계란볶음밥,즉석조리식품,제조일로부터 12개월,,주식회사 엄지식품,20150493208814,20210623,20240117
계란,,차조기잎계란볶음밥-F,즉석조리식품,제조일로부터 12개월까지,,농업회사법인 주식회사 한우물,200804930741209,20230118,20240117
계란,,찰보리계란쿠키,과자,제조일로부터 180일(실온),제조일부터           180일(실온),유한회사 보리아이,201804980938,20180828,20240117
계란,,참깨계란국,즉석조리식품,제조일로부터 12개월까지,,(주)원일식품,200004430423508,20211206,20211209
계란,,참깨계란죽(냉동),즉석조리식품,제조일로부터 12개월,,주식회사 인세이버,2014036295992,20200604,20250226
계란,,참깨라면계란김밥,즉석섭취식품,제조시간으로부터 52시간 까지,,(주)비지에프푸드,20200450031592,20250922,20260116
계란,,참깨라면계란김밥,즉석섭취식품,제조시간으로부터 52시간,,(주)푸드플래닛,201503831781390,20250927,20251104
계란,,참깨라면계란볶음삼각,즉석섭취식품,제조시간으로부터 52시간 까지,,(주)비지에프푸드,20200450031583,20250918,20260114
계란,,참깨시금치계란죽,영.유아용 이유식,제조일로부터 12일,,순수본 주식회사,20180491181601,20240524,20240525
계란,,참참참 계란탕면,유탕면,제조일로부터 6 개월 까지.,,삼양식품(주)원주공장,198803831271643,20180917,20230610
계란,,참참참 계란탕면,유탕면,제조일로부터 6개월,,삼양식품(주)익산공장,19710487002104,20181019,20240117
계란,,참참참 계란탕면 스프,복합조미식품,제조일로부터 10개월까지.,,삼양식품(주)원주공장,198803831271644,20180917,20230610
계란,,참참참 계란탕면 조미유,소스,제조일로부터 12개월까지.,,삼양식품(주)원주공장,198803831271645,20180917,20230610
계란,,참치계란김밥,즉석섭취식품,제조시간으로부터 72시간,,(주)제이비프레시,20200620210623,20260427,20260428
계란,,참치계란말이,즉석조리식품,제조일로부터 4일,,(주)수미찬,2021004283283,20220323,20220325
계란,,참치계란말이,즉석조리식품,제조일로부터 7일,,팜스더프레시,20220299544330,20241231,20250212
계란,,참치마요 간장계란밥,즉석조리식품,제조일로부터 6개월까지,,(주)맛요일,20160200280329,20250829,20251213
계란,,참치마요 계란김밥,즉석섭취식품,제조일로부터 5일,제조일로부터 5일,농업회사법인(주) 담푸른,20160338669420,20240709,20240713
계란,,참치마요 계란마끼,즉석섭취식품,제조일로부터 5일,,농업회사법인(주) 담푸른,20160338669148,20230608,20230610
계란,,참치마요 김치볶음밥 계란말이,즉석섭취식품,제조시간으로부터 48시간,,(주)영진데리카후레쉬,200303641181712,20250319,20251030
계란,,참치마요김치볶음밥계란말이,즉석섭취식품,제조시부터 72 시간,,(주)대정,20190545009816,20250326,20251105
계란,,참치야채계란말이,즉석섭취식품,제조일로부터 4일,제조일로 부터 4일,(주)하니푸드,20210268770339,20230809,20230817
계란,,채소계란구이(S),즉석조리식품,제조일로부터 12개월,,(주)현대그린푸드 스마트푸드센터,201902803273700,20240704,20240807
계란,,채소계란찜,즉석조리식품,제조일로부터 7일,,주식회사 플라잉닥터 제2공장,20250483015948,20260515,20260523
계란,,천사의 계란쿠키,과자,실온 12개월,,(주)대산후드 탄현2공장,19930355028239,20220105,20230603
계란,,천일냉동 리얼밸런스 현미곤약 계란볶음밥,즉석조리식품,제조일로부터 9개월까지,,천일식품(주),199301993491282,20211216,20220101
계란,,천일냉동 만능계란요리밥,즉석조리식품,제조일로부터 12개월까지.,,천일식품(주),199301993491299,20220418,20240808
계란,,천일냉동 중화계란볶음밥,즉석조리식품,제조일로부터 12개월까지.,,천일식품(주),199301993491244,20210621,20240808
계란,,청경채계란탕,영.유아용 이유식,제조일로부터 25일,해당없음,(주)푸드케어 2공장,20220396175672,20220526,20260321
계란,,청년고기장수 계란볶음밥시즈닝,복합조미식품,제조일로부터 12개월,,태원식품산업(주),1985031100114621,20240603,20240621
계란,,청양닭가슴살비엔나샐러드 & 곤약계란볶음밥,즉석조리식품,제조일로 12개월,,(주)푸드인모닝스타,202204935639,20220520,20220523
계란,,청키면가 계란면,생면,60일,,농업회사법인 다선(주),2010035805026,20120514,20180929
계란,,체다치즈계란말이,즉석섭취식품,제조일로부터 4일,,(주)하니푸드,20210268770326,20230613,20240706
계란,,초밥맛나라(계란맛),복합조미식품,제조일로부터1년,,(주)제일푸드원,2002043507429,20030604,20210625
계란,,초코계란빵,빵류,제조일로부터 12개월,,호모사피엔스,2024027457217,20250416,20250417
계란,,촉촉계란&참치샌드,즉석섭취식품,제조시간으로부터 72시간,-,(주)한국데리카후레쉬,20120358388870,20241206,20260126
계란,,촉촉계란&참치샌드,즉석섭취식품,제조일시로부터 72시간이내,,(주)후레쉬서브,200803362281489,20241209,20250903
계란,,촉촉계란샌드,즉석섭취식품,제조시간으로부터 72시간,-,(주)한국데리카후레쉬,20120358388818,20240624,20260312
계란,,촉촉계란샌드위치,즉석섭취식품,제조일시로부터 72시간,,(주)후레쉬서브,200803362281594,20251119,20260423
계란,,촉촉계란샌드위치,즉석섭취식품,제조일의 제조시간으로부터 72시간,,(주)가온에프에스,20110528067938,20240630,20260306
계란,,촉촉계란찜,기타가공품,7일,,데일리식품 주식회사,20190361854182,20190815,20220831
계란,,촉촉계란흰자 샌드,즉석섭취식품,제조일시로부터 72시간 이내,,(주)후레쉬서브,200803362281584,20251019,20251204
계란,,최강록셰프의날치알명란계란말이,즉석섭취식품,제조일의 제조시간으로부터 72시간,,(주)가온에프에스,201105280671112,20260207,20260602
계란,,최강록셰프의일식계란김밥,즉석섭취식품,제조일의 제조시간으로부터 72시간,,(주)가온에프에스,201105280671123,20260418,20260421
계란,,추억의 계란 어묵전,기타 어육가공품,제조일로부터 12개월,,주식회사 스마일푸드,2021049424041,20250917,20250919
계란,,추억의 계란 어육소세지전,기타 어육가공품,제조일로부터 12개월,,주식회사 스마일푸드,2021049424042,20250917,20250919
계란,,추억의 계란빵,빵류,제조일로부터 냉동보관(-18도이하) 12개월,,주식회사 마크로드제과,20060368135642,20240214,20251112
계란,,추억의 햄치즈 계란빵,빵류,제조일로부터 냉동보관(-18도이하) 12개월,,주식회사 마크로드제과,20060368135643,20240214,20251112
계란,,치즈 계란구이,즉석조리식품,제조일로부터 5일,,도리깨침,20200280142917,20251121,20251125
계란,,치즈계란 모닝머핀,즉석섭취식품,제조일로부터 5일까지,제조일로부터 5일까지,농업회사법인(주) 담푸른,2016033866980,20220511,20240528
계란,,치즈계란김밥,즉석섭취식품,제조시간으로부터 48시간,,(주)우리델리카,20150443298404,20201221,20201222
계란,,치즈계란말이,조림류,제조일로부터 7일,,(주)육십오도씨,20220274644208,20250522,20250724
계란,,치즈계란말이,즉석조리식품,제조일로부터 4일,,(주)수미찬,2021004283284,20220323,20220325
계란,,치즈계란말이,즉석조리식품,제조일로부터7일,,주식회사장모님에프앤비,20230300165151,20240807,20240809
계란,,치즈계란말이,즉석섭취식품,제조일로부터 냉장 4일,제조일로부터 냉장 4일,(주)푸드윈,20080342441230,20200901,20200915
계란,,치즈계란빵,빵류,제조일로부터 6개월까지,,(주)라온씨앤비,20180162202124,20231211,20231213
계란,,치즈계란혼합분말,복합조미식품,제조일로부터 18개월까지,,주식회사 썬에프엘,200003440641117,20240730,20240809
계란,,치즈새우계란밥,즉석조리식품,제조일로부터 12일,,순수본 주식회사,20180491181427,20210224,20250507
계란,,치즈앤베이컨 계란빵,빵류,제조일부터9개월까지,,(주)도깨비제과,202402838502,20240813,20240913
계란,,치즈야채계란푸딩,즉석조리식품,제조일로부터 30일,,주)짱죽,20140512224911,20251202,20251203
계란,,치즈폭탄 계란말이,즉석조리식품,제조일로부터 7일,,주식회사찬장에프에스대전,20220321100849,20250624,20260530
계란,,치킨간장계란한끼곤약컵도시락,즉석조리식품,제조일로부터 냉동(-18℃이하) 9개월,해당없음,(주)사랑과정성,20100368370145,20220221,20220223
계란,,치킨과계란,즉석조리식품,제조일로부터 12개월,,한국에스비식품(주),196903640042279,20260401,20260407
계란,,치킨마요계란덮밥,즉석섭취식품,제조시간으로부터 45시간 까지,,롯데용인CK 주식회사,200003470523064,20240722,20260109
계란,,치킨카레볶음밥과계란후라이,즉석조리식품,제조일로부터 12개월까지,,(주)푸드인모닝스타,20220493563227,20241203,20241207
계란,,카페차 베이컨 치즈계란빵,빵류,제조일로부터 냉동보관(-18도이하) 9개월,,주식회사 마크로드제과,20060368135636,20230517,20240719
계란,,커피팡 계란빵용 베이스,소스,제조일로부터 12개월까지,,(주)한백티에프,20170442145879,20250709,20260612
계란,,컴포즈 계란가득 샐러드,즉석섭취식품,제조일로부터 40일까지,,(주)엠디에스코리아 1공장,20070355264657,20260513,20260522
계란,,컵밥 김치볶음밥&계란후라이,즉석조리식품,제조일로부터 냉동보관(-18℃이하) 9개월,,주식회사 가람식품,2020015600668,20220105,20220122
계란,,컵밥 참치김치볶음밥&계란후라이,즉석조리식품,제조일로부터 냉동보관(-18℃이하) 9개월,,주식회사 가람식품,2020015600674,20220105,20220122
계란,,컵플렉스 간장계란밥소스,소스,제조일로부터 6개월,,씨엠푸드,20040311153224,20231017,20260201
계란,,코다노 계란입힌 노란 동태전,즉석조리식품,제조일로부터 12개월,,농업회사법인(주)영풍,20220233480224,20260423,20260602
계란,,코이 간장계란소스,소스,제조일로부터3개월,,주식회사 코이,201802801764,20180707,20240912
계란,,코코넛 계란 도너츠,빵류,제조일로부터 3개월,,한국제과식품협동조합,2014018801625,20230518,20250109
계란,,코코아계란과자,과자,제조일로 부터 1년,제조일로 부터 1년,주식회사 제주내먹,20130631190244,20230526,20230602
계란,,콘&치즈 계란빵,빵류,제조일로부터 12개월,,그린에프앤비,20180350220110,20241101,20241102
계란,,콘치즈 계란빵,빵류,제조일로부터12개월(냉동보관),,(주)한국푸드본 정관공장,20190156205240,20250109,20250110
계란,,콘치즈 계란빵,빵류,제조일로부터 12개월,,그린에프앤비,20180350220106,20240812,20250117
계란,,콘치즈 계란빵,빵류,제조일로부터 9개월,,(주)그린비엔에프,20220510689109,20241105,20260201
계란,,콘치즈 계란빵,빵류,제조일부터9개월까지,,(주)도깨비제과,202402838506,20241002,20241005
계란,,콘치즈 베이컨 계란빵,빵류,제조일로부터 6개월까지,,중독팩토리,2019006437560,20231204,20260606
계란,,콘치즈계란빵,빵류,제조일로부터 냉동보관(-18도이하) 9개월,,(주)아린에프앤비,20150368081470,20230911,20231006
계란,,콘치즈계란빵,빵류,제조일로부터 6개월까지,,(주)라온씨앤비,20180162202123,20231124,20231211
계란,,퀴노아영양밥/계란볶음밥/닭갈비,체중조절용 조제식품,제조일로부터 1년(냉동보관),,(주)맛과벗,20170362092504,20260318,20260403
계란,,큐원홈메이드 계란빵믹스,기타가공품,제조일로부터 12개월,,한국에스비식품(주),196903640041917,20221216,20260201
계란,,크래미계란말이,즉석조리식품,제조일로부터 4일,,(주)수미찬,2021004283279,20220322,20220325
계란,,크래미계란탕,즉석조리식품,제조일로부터 12일,,순수본 주식회사,20180491181663,20250422,20250425
계란,,크루밀-구운계란카레덮밥,즉석조리식품,제조일로부터 냉동 9개월,,다원푸드서비스(주) 쉐프랑,202104240501395,20260220,20260221
계란,,크루밀-중화비빔밥&계란후라이,즉석조리식품,제조일로부터 냉동 9개월,,다원푸드서비스(주) 쉐프랑,202104240501250,20250919,20250920
계란,,크리스탈제이드 중화계란 볶음밥,즉석조리식품,제조일로부터 12개월까지,,농업회사법인 주식회사 한우물,200804930741504,20241018,20241025
계란,,크림굴림만두와 곤약간장계란밥,즉석조리식품,제조일로부터 12개월까지,,(주)푸드인모닝스타,20220493563126,20230824,20230831
계란,,크림듬뿍 계란카스테라,빵류,제조일로부터 20일까지 (실온),,(주)샤니,197102750035188,20220317,20230620
계란,,큰컵 참참참 계란탕면,유탕면,제조일로부터 6개월 까지.,,삼양식품(주)원주공장,198803831271651,20180919,20230610
계란,,큰컵 참참참 계란탕면 스프,복합조미식품,제조일로부터 10개월까지.,,삼양식품(주)원주공장,198803831271649,20180919,20230610
계란,,키다리 계란쑥갓블럭,기타가공품,제조일로부터 18개월,,동림푸드(주),19910386025667,20241030,20241108
계란,,키즈계란말이,즉석조리식품,제조일로부터 5일,,(주)도마소리,20220241566636,20260202,20260210
계란,,탄탄&계란면,즉석조리식품,제조일로부터 12개월,,(주)현대그린푸드 스마트푸드센터,201902803272171,20210831,20210907
계란,,탑핑)계란후라이&쏘야볶음,즉석섭취식품,제조시간으로부터 72시간,,(주)제이비프레시,20200620210646,20260624,20260625
계란,,태극당 계란쿠키,과자,제조일로부터 8개월,,제이브라운씨엔엠,2020036100660,20210802,20210814
계란,,탱탱계란찜 세트,암환자용 식단형 식품,제조일로부터 4일,,(주)현대그린푸드 스마트푸드센터,201902803272737,20230112,20230117
계란,,테오스 계란 땅콩빵 반죽,빵류,제조일로부터 6개월까지,,테오스(TEOS),20080375174112,20251127,20251203
계란,,토마토계란볶음,즉석조리식품,제조일로부터 7일,,주식회사 플라잉닥터 제2공장,20250483015960,20260525,20260527
계란,,토마토계란볶음,즉석조리식품,제조일로부터 12일,,순수본 주식회사,20180491181645,20250213,20250214
계란,,토마토계란볶음,즉석조리식품,제조일로부터 7일,,라임에프앤비(주),20210222240595,20241209,20241210
계란,,토마토계란볶음밥,즉석조리식품,제조일로부터 9개월까지,,(주)아워홈,200206141791107,20240812,20240814
계란,,토마토계란볶음밥,영.유아용 이유식,제조일로부터 25일,해당없음,(주)푸드케어 2공장,20220396175152,20220401,20260321
계란,,토마토계란볶음소스,소스,제조일로부터 3개월,,(주)찬들푸드,20210301832458,20260414,20260415
계란,,토마토계란소스,소스,제조일로부터 냉동 12개월까지,,(주)신원에프아이,200003643481417,20231011,20260201
계란,,토마토계란소스,소스,제조일로부터12개월,,(주)소스플러스,20180374830566,20250617,20251202
계란,,토마토계란스튜,영.유아용 이유식,제조일로부터 25일,해당없음,(주)푸드케어 2공장,2022039617593,20220330,20260501
계란,,토마토계란한우밥,영.유아용 이유식,제조일로부터 15일,,주식회사 플라잉닥터 제2공장,20250483015324,20250714,20260620
계란,,토마토치킨버터커리&곤약계란밥&통밀또띠아,즉석조리식품,제조일로부터 1년,,농업회사법인(주)별담푸드,2025092401459,20251015,20251017
계란,,토핑유부초밥(참치&계란&기본),즉석섭취식품,제조시간으로부터 37시간,,롯데용인CK 주식회사,200003470522848,20220525,20231219
계란,,통가슴살과 곤약 간장버터계란밥,즉석조리식품,제조일로부터 9개월까지,,(주)엄지식품,20210504123408,20260120,20260122
계란,,통가슴살과 곤약 간장버터계란밥,즉석조리식품,제조일로부터 9개월,,주식회사 엄지식품,201504932081254,20241225,20250101
계란,,통계란 곤약김밥,즉석조리식품,제조일로부터 12개월까지,,(주)우양 청양2공장(뉴뜨레),20190476035251,20250428,20250801
계란,,통계란 김밥,즉석조리식품,제조일로부터 12개월까지,,(주)우양 청양2공장(뉴뜨레),20190476035260,20250515,20250517
계란,,통계란&닭가슴살샐러드,즉석섭취식품,제조일로부터 6일 까지,제조일로부터 6일 까지,(주)농업회사법인 은성,20160375275157,20251123,20260613
계란,,통계란&닭가슴살샐러드,즉석섭취식품,제조일로부터 6일 까지,제조일로부터 6일 까지,(주)농업법인 은성,20200393064102,20251124,20260613
계란,,통계란&불고기샐러드,즉석섭취식품,제조일로부터 5일,,(주)현대그린푸드 스마트푸드센터,201902803271425,20201016,20260419
계란,,통계란구이말이,즉석섭취식품,제조시간으로부터 52시간까지,,삼성웰스토리 Central Kitchen 아산,20240702932351,20260521,20260522
계란,,통계란말이김밥,즉석섭취식품,제조시간으로부터 48시간,,(주)현대그린푸드 스마트푸드센터,201902803274057,20250307,20260115
계란,,통계란빵,빵류,제조일로부터 6개월까지,,(주)라온씨앤비,20180162202151,20240613,20240614
계란,,통계란초밥김밥,즉석섭취식품,제조시간으로부터 52시간 까지,,(주)비지에프푸드,20200450031537,20250711,20260605
계란,,통계란초밥김밥,즉석섭취식품,제조시간으로부터 52시간,,(주)푸드플래닛,201503831781557,20260602,20260606
계란,,통계란초밥김밥,즉석섭취식품,제조시간으로부터 50시간까지,,(주)원푸드림 주촌지점,20170607069368,20250714,20260602
계란,,통모짜치즈계란말이,즉석조리식품,제조일로부터 7일,,팜스더프레시,20220299544278,20240623,20240717
계란,,통밀 햄&계란,즉석섭취식품,제조일로부터 72시간까지,,(주)푸드코아,2004027505725,20210927,20210930
계란,,통베이컨계란듬뿍버거,즉석섭취식품,제조시간으로부터 96시간,,(주)우리델리카,20150443298369,20201026,20201027
계란,,통스팸계란밥,즉석섭취식품,제조시간으로부터 50시간,,(주)청탑,200503682361326,20241127,20241204
계란,,통촉촉계란말이김밥,즉석섭취식품,제조일시로부터 72시간 이내,,(주)후레쉬서브,200803362281574,20250913,20250924
계란,,통촉촉계란말이김밥,즉석섭취식품,제조일의 제조시간으로부터 72시간,,(주)가온에프에스,201105280671073,20250911,20260331
계란,,튀겨나온 치즈와계란을품은닭,식육함유가공품,제조일로부터 9개월 까지,,주식회사 와이앤비푸드,20120464159137,20200403,20200408
계란,,파로 새우계란죽,즉석조리식품,제조일로부터 3개월,,(주)에르코스농업회사법인,20100231185680,20260601,20260612
계란,,파송송계란소면,건면,제조일로부터 18개월,해당사항 없음,농업회사법인 (주)백제,20130473042284,20250422,20250625
계란,,파스타앤우 간장버터계란 얹은 필라프,즉석조리식품,제조일로부터 12개월까지,,주식회사 엄지식품,20150493208985,20221110,20240117
계란,,파프리카새우계란만두,만두,제조일로부터 9개월,,(주)엄지식품,200104933581100,20230315,20240117
계란,,팔도다옴 반숙계란장,조림류,제조일로부터 15일,,농업회사법인 소생로컬푸드 주식회사 제2공장,20210559160392,20240705,20240717
계란,,팔도다옴 야채계란장,조림류,제조일로부터 15일,,농업회사법인 소생로컬푸드 주식회사 제2공장,20210559160391,20240705,20240713
계란,,페이보잇 한끼 계란야채죽,즉석조리식품,냉동에서 제조일로부터 12개월까지,,(주)로뎀푸드,20070372333298,20230921,20230923
계란,,페파로니올리브계란빵 피자,빵류,제조일부터15일까지(냉장),,(주)도깨비제과,2024028385039,20251104,20251106
계란,,편한한끼 덮시락 햄야채볶음밥과 계란후라이,즉석조리식품,제조일로부터 12개월,,(주)샛별푸드,2019020243075,20210121,20241105
계란,,포근포근 쌀계란과자,과자,제조일로부터 6개월 까지,,(주)자연드림치유식품 베이커리공방,20180521026163,20231021,20231030
계란,,포근한 계란빵 포근란빵 대파베이컨치즈,빵류,제조일부터9개월까지,,(주)도깨비제과,2024028385026,20250530,20250603
계란,,포근한 계란빵 포근란빵 콘치즈,빵류,제조일부터9개월까지,,(주)도깨비제과,2024028385025,20250530,20250603
계란,,포근한 계란빵 포근란빵 플레인,빵류,제조일부터9개월까지,,(주)도깨비제과,2024028385027,20250530,20250611
계란,,포메인 계란밥,즉석조리식품,12개월 / 냉동,,(주)시아스,200504150205066,20250711,20250715
계란,,포켓도시락 귀리잡곡밥  계란&김치볶음,즉석조리식품,제조일로부터 9개월까지,해당없음.,(주)밥상푸드,20060208332418,20240416,20240421
계란,,포크계란덮밥,즉석조리식품,제조일로부터 8일,,주식회사 지니온,20240320157513,20241114,20241116
계란,,폭신폭신 계란구름 가리비관자,기타 수산물가공품,제조일로부터 12개월까지,,(주)그린푸드,20000149041640,20260130,20260204
계란,,퐁신퐁신 저당 계란빵 오리지널,빵류,제조일로부터 6개월,,세동주식회사,20210164045168,20260413,20260418
계란,,퐁신퐁신 저당 계란빵 햄치즈,빵류,제조일로부터 6개월,,세동주식회사,20210164045169,20260413,20260418
계란,,표고버섯닭살계란탕,즉석조리식품,제조일로부터 12일,,순수본 주식회사,20180491181764,20260324,20260330
계란,,푸디버디 계란야채 볶음밥,즉석조리식품,제조일로부터 12개월,,(주)하림산업 함열식품1공장,20200491392404,20230829,20240117
계란,,푸디버디 새우계란볶음밥,즉석조리식품,제조일로부터 12개월 까지,,(주)하림산업 함열식품1공장,20200491392575,20250207,20250211
계란,,푸딩같은 계란찜,즉석조리식품,제조일로부터 5일,,주식회사케이제이푸드(KJ Food),20210424124587,20230718,20230824
계란,,푸딩같은 계란찜,즉석조리식품,제조일로부터 7일,,주식회사찬장에프에스대전,20220321100391,20221206,20260530
계란,,푸딩계란찜,기타가공품,제조일로부터 5일(냉장),,팜스더프레시,20220299544370,20250828,20250829
계란,,푸딩계란찜양념,복합조미식품,,해당없음.,국민푸드,201703302563,20200708,20200710
계란,,푸르나이 우리밀 계란과자,과자,제조일로부터 12개월 까지,,(주)대산후드 탄현2공장,19930355028298,20260623,20260626
계란,,푸르온 알찬 계란볶음밥,즉석조리식품,제조일로부터 12개월,,(주) 푸르온,19990461386888,20230308,20230310
계란,,푸짐한끼 계란후라이&담백게살볶음밥,즉석조리식품,제조일로부터 9개월,,주식회사 엄지식품,20150493208565,20200422,20240117
계란,,푸짐한끼 계란후라이&매콤낙지볶음밥,즉석조리식품,제조일로부터 9개월,,주식회사 엄지식품,20150493208563,20200422,20240117
계란,,푸짐한끼 계란후라이&소불고기볶음밥,즉석조리식품,제조일로부터 9개월,,주식회사 엄지식품,20150493208564,20200422,20240117
계란,,푸짐한끼 계란후라이&완벽김치볶음밥,즉석조리식품,제조일로부터 9개월,,주식회사 엄지식품,20150493208561,20200422,20240117
계란,,푸짐한끼 계란후라이&참치김치볶음밥,즉석조리식품,제조일로부터 9개월,,주식회사 엄지식품,20150493208562,20200422,20240117
계란,,푸짐한끼 계란후라이&치킨데리볶음밥,즉석조리식품,제조일로부터 9개월,,주식회사 엄지식품,20150493208660,20200910,20240117
계란,,푸짐한끼 계란후라이&치킨카레볶음밥,즉석조리식품,제조일로부터 9개월,,주식회사 엄지식품,20150493208556,20200422,20240117
계란,,풀리웰리 간장버터계란밥,즉석조리식품,제조일로부터 12개월,,주식회사 엄지식품,20150493208746,20210218,20240117
계란,,풋풋 계란무스소스,소스,제조일로부터 12개월까지,,주식회사 혜성식품,20010263055900,20240708,20240711
계란,,프렌치빈계란찜,영.유아용 이유식,제조일로부터 25일,해당없음,(주)푸드케어 2공장,20220396175784,20230116,20260321
계란,,프로틴 계란빵,빵류,제조일로부터 12개월 냉동보관(-18도이하),,스트릿푸드,2023051298011,20250131,20250206
계란,,프로페셔널 계란 L 페투치네 생면,생면,제조일로부터 60일,,서울프로셰프,2021035852957,20241014,20241016
계란,,프로페셔널 계란 라자냐 생면,생면,제조일로부터 90일,,서울프로셰프,2021035852918,20230722,20241129
계란,,프로페셔널 계란 리가토니 생면,생면,제조일로부터 90일,,서울프로셰프,2021035852972,20250131,20250206
계란,,프로페셔널 계란 링귀니 생면,생면,제조일로부터 90일,,서울프로셰프,2021035852985,20250801,20250805
계란,,프로페셔널 계란 마팔디네 생면,생면,제조일로부터 90일,,서울프로셰프,2021035852917,20230722,20241101
계란,,프로페셔널 계란 먹물 링귀니 생면,생면,제조일로부터 90일,,서울프로셰프,2021035852986,20250801,20250805
계란,,프로페셔널 계란 먹물 탈리아텔레 생면,생면,제조일로부터 90일,,서울프로셰프,2021035852976,20250422,20250426
계란,,프로페셔널 계란 부카티니 생면,생면,제조일로부터 60일,,서울프로셰프,2021035852922,20230722,20230725
계란,,프로페셔널 계란 스파게티 생면,생면,제조일로부터 90일,,서울프로셰프,202103585295,20220119,20241101
계란,,프로페셔널 계란 스파게티 생면 S 벌크,생면,제조일로부터 60일,,서울프로셰프,2021035852915,20230718,20230725
계란,,프로페셔널 계란 오징어 먹물 카사레체 생면,생면,제조일로부터 90일,,서울프로셰프,2021035852951,20240513,20240515
계란,,프로페셔널 계란 오징어 먹물 파파르델레 생면,생면,제조일로부터 90일,,서울프로셰프,2021035852956,20240920,20240925
계란,,프로페셔널 계란 카사레체 생면,생면,제조일로부터 90일,,서울프로셰프,2021035852955,20240809,20250320
계란,,프로페셔널 계란 카펠리니 생면,생면,제조일로부터 90일,,서울프로셰프,2021035852953,20240801,20240808
계란,,프로페셔널 계란 탈리아텔레 생면,생면,제조일로부터 90일,,서울프로셰프,2021035852920,20230722,20241101
계란,,프로페셔널 계란 파케리25 생면,생면,제조일로부터 90일,,서울프로셰프,2021035852973,20250314,20250318
계란,,프로페셔널 계란 파파르델레 생면,생면,제조일로부터 60일,,서울프로셰프,2021035852921,20230722,20241017
계란,,프로페셔널 계란 페투치네 생면,생면,제조일로부터 60일,,서울프로셰프,2021035852919,20230722,20230725
계란,,프로페셔널 시금치 계란 라자냐 생면,생면,제조일로부터 90일,,서울프로셰프,2021035852974,20250317,20250320
계란,,플레인 계란빵,빵류,제조일로부터 9 개월,,(주)그린비엔에프,20220510689149,20260212,20260224
계란,,플레인 계란빵,빵류,제조일부터9개월까지,,(주)도깨비제과,202402838508,20241004,20241009
계란,,플레인계란빵,빵류,제조일로부터 냉동보관 6개월,,포레스트디저트,2023063488332,20231205,20231211
계란,,피자계란빵,빵류,제조일부터9개월까지,,(주)도깨비제과,202402838509,20241002,20241011
계란,,피카츄 계란과자,과자,제조일로부터 12개월 까지,해당없음,(주)대산후드 탄현2공장,19930355028228,20210716,20230603
계란,,하림계란블럭,알함유가공품,제조일로부터 12개월,,상미식품주식회사,199104490041123,20250401,20250502
계란,,하림이닭 탄단지 도시락 간장계란밥과 짜장닭가슴살,즉석조리식품,제조일부터        12 월,,(주)하림 제2공장,2020049145654,20240517,20240606
계란,,하림이닭 탄단지 도시락 간장계란밥과 카레닭가슴살,즉석조리식품,제조일부터        12 월,,(주)하림 제2공장,2020049145659,20240517,20240606
계란,,하림이닭 탄단지 도시락 간장계란밥과 한입스테이크,즉석조리식품,제조일부터        12 월,,(주)하림 제2공장,2020049145657,20240517,20240606
계란,,하림이닭 탄단지다이어트 도시락 간장계란밥과 짜장닭가슴살,체중조절용 조제식품,제조일부터     12개월,,(주)하림 제2공장,2020049145651,20230629,20240117
계란,,하림이닭 탄단지다이어트 도시락 간장계란밥과 카레닭가슴살,체중조절용 조제식품,제조일부터     12월,,(주)하림 제2공장,2020049145649,20230307,20240117
계란,,하림이닭 탄단지다이어트 도시락 간장계란밥과 한입스테이크,체중조절용 조제식품,제조일부터        12월,,(주)하림 제2공장,2020049145635,20220523,20240117
계란,,하이밥 닭가슴살 간장계란볶음밥,즉석조리식품,제조일로부터 12개월까지,,주식회사 엄지식품,201504932081121,20230816,20240117
계란,,한국식 계란말이,즉석조리식품,제조일로부터 5일,,도리깨침,20200280142918,20251203,20251206
계란,,한끼 계란연두부,가공두부,제조일로부터 23일,,풀무원식품(주),2003044504567,20160718,20250514
계란,,한끼 계란연두부 오리엔탈유자소스,가공두부,제조일로부터 23일,,풀무원식품(주),2003044504597,20220818,20250514
계란,,한끼간장계란볶음밥,즉석조리식품,냉동. 12개월,,(주)시아스,200504150204688,20230615,20230616
계란,,한끼김밥 치즈계란김밥,즉석조리식품,제조일로부터 12개월,-,주식회사지에프에스,20170624144466,20240910,20240911
계란,,한끼도시락 불맛계란볶음밥,즉석조리식품,제조일로부터 12개월까지,,주식회사 엄지식품,20150493208990,20221111,20240117
계란,,한끼도시락 장조림계란밥,즉석조리식품,제조일로부터 12개월까지,,주식회사 엄지식품,20150493208992,20221111,20240117
계란,,한끼통살 계란용 데리야끼소스,소스,제조일로부터 6개월까지,,주식회사 동방푸드마스타,1991044507710089,20260310,20260312
계란,,한끼통살 계란용 떡볶이소스,소스,제조일로부터 6개월까지,,주식회사 동방푸드마스타,1991044507710091,20260310,20260312
계란,,한끼통살 계란용 허니소이소스,소스,제조일로부터 6개월까지,,주식회사 동방푸드마스타,1991044507710093,20260310,20260314
계란,,한끼통살 김자반밥바 버터샤브계란맛,즉석조리식품,제조일로부터 12개월,,(주)엄지식품,20210504123390,20250929,20251003
계란,,한끼통살 후식주먹밥 샤브계란맛,즉석조리식품,제조일로부터 12개월,,(주)엄지식품,20210504123252,20230918,20240117
계란,,한솥 사골계란국,즉석조리식품,제조일로부터 12개월,,상미식품주식회사,19910449004986,20221227,20221228
계란,,한솥 청양사골계란국,즉석조리식품,제조일로부터 12개월,,상미식품주식회사,19910449004987,20221227,20221229
계란,,한숟갈 계란찜 파우더,복합조미식품,제조일로부터 12개월,제조일로부터 12개월,호미푸드,20170570200203,20250709,20250719
계란,,한우 계란 장조림,조림류,90일,,(주)동인축산,202502332195,20260413,20260430
계란,,한우 계란 장조림,조림류,제조일로부터 90일,,(주)동인축산,202502332196,20260428,20260522
계란,,한우계란볶음밥,즉석조리식품,제조일로부터 5일,,라임에프앤비(주),20210222240601,20241209,20241210
계란,,한우계란죽,즉석조리식품,제조일로부터 3개월,,(주)에르코스농업회사법인,20100231185395,20230828,20260421
계란,,한우계란찜,즉석조리식품,제조일로부터 40일,,주식회사 내담에프앤비(NAEDAM F&B),20140466024750,20210915,20230901
계란,,한우샤브계란죽,즉석조리식품,제조일로부터 60일,,주식회사 내담에프앤비(NAEDAM F&B),20140466024866,20250331,20250404
계란,,한우소고기계란장조림,조림류,제조일로부터 5일,제조일로부터 5일,(주)하니푸드,20210268770128,20210607,20240323
계란,,한우소고기야채계란말이,즉석섭취식품,제조일로부터 4일,,(주)하니푸드,20210268770242,20211107,20211112
계란,,한우시금치계란탕,즉석조리식품,제조일로부터 15일,,(주)뽀뽀뜨,200203804811233,20181217,20230610
계란,,한우프렌치빈계란볶음밥,영.유아용 이유식,제조일로부터 25일,해당없음,(주)푸드케어 2공장,20220396175658,20220526,20260321
계란,,한입 계란&라페 닭가슴살소시지 포두부롤,즉석섭취식품,제조일로부터 5일까지,제조일로부터 5일까지,농업회사법인(주) 담푸른,2016033866958,20210829,20240120
계란,,한입 계란&라페 포두부롤,즉석섭취식품,제조일로부터 5일,,농업회사법인(주) 담푸른,20160338669134,20230330,20240327
계란,,한입가득계란만두,만두,제조일로부터 12개월,,(주) 푸르온,199904613861055,20240711,20240716
계란,,한입닭가슴살스테이크 샐러드 & 곤약계란볶음밥,즉석조리식품,제조일로 12개월,,(주)푸드인모닝스타,2022049356310,20220520,20220523
계란,,한잔하기'딱'좋은! 계란 두부튀김&볶음김치,즉석조리식품,제조일로부터 7일,,주식회사 락컴퍼니,20210202173358,20250312,20250327
계란,,한품간장계란볶음밥,즉석조리식품,제조일로부터 12개월 까지,,(주)하림산업 함열식품1공장,20200491392223,20211213,20240117
계란,,함박스테이크&계란볶음밥 세트,즉석조리식품,제조일로부터 12개월,,(주)현대그린푸드 스마트푸드센터,201902803274102,20250328,20250329
계란,,함박스테이크&계란후라이,즉석조리식품,제조일로부터 냉동보관(-18℃이하) 6개월,,주식회사 가람식품,2020015600629,20200728,20211030
계란,,함박스테이크와계란후라이,즉석조리식품,제조일로부터 12개월까지,,(주)푸드인모닝스타,20220493563218,20241129,20241205
계란,,해물계란볶음밥,즉석조리식품,제조일로부터 4일,,(주)하니푸드,20210268770322,20230612,20240323
계란,,해물계란탕분말,복합조미식품,제조일로부터 상온24개월,,(주)미미식품,198804440181711,20260514,20260520
계란,,해물계란탕분말,복합조미식품,제조일로부터 12개월,,다온SPC,20200349234425,20230707,20230711
계란,,해태계란과자,과자,제조일로부터 365일,,훼미리식품주식회사,1982048102118,20220613,20240117
계란,,해태계란과자 피스타치오,과자,제조일로부터 365일,,훼미리식품주식회사,19820481021351,20240821,20240823
계란,,해태코코아계란과자,과자,제조일로부터 365일,,훼미리식품주식회사,19820481021331,20231017,20240117
계란,,햄&계란후라이,즉석조리식품,제조일로부터 45일,,(주)씨티푸드(제1공장),2015055605883,20251030,20251219
계란,,햄&계란후라이 볶음밥,즉석조리식품,제조일로부터 45일,,(주)씨티푸드(제1공장),2015055605891,20260515,20260521
계란,,햄&스크램블에그계란볶음밥,즉석섭취식품,제조시간으로부터 96시간,,(주)우리델리카,20150443298961,20250811,20250812
계란,,햄계란구이,조림류,제조일로부터 냉장 5일,,아람찬,20220188406167,20221227,20221228
계란,,햄계란말이,즉석조리식품,제조일로부터7일,,주식회사장모님에프앤비,20230300165152,20240807,20240809
계란,,햄계란케찹밥,즉석조리식품,제조일로부터 6개월까지,,(주)맛요일,20160200280324,20250812,20251213
계란,,햄야채계란볶음밥,즉석조리식품,제조일로부터 4일,,(주)하니푸드,20210268770166,20210608,20240326
계란,,햄야채볶음밥과계란후라이,즉석조리식품,제조일로부터 12개월까지,,(주)푸드인모닝스타,20220493563223,20241202,20241207
계란,,햄치즈계란빵,빵류,제조일로부터 12개월,,호모사피엔스,2024027457218,20250416,20250418
계란,,햇반 만능계란볶음밥,즉석조리식품,9개월,-,씨제이제일제당(주)진천BLOSSOM CAMPUS,2018045028599,20230830,20251211
계란,,햇반 베이컨계란볶음밥,즉석조리식품,9개월,-,씨제이제일제당(주)진천BLOSSOM CAMPUS,2018045028598,20230724,20251003
계란,,행복한 계란빵 반죽,빵류,제조일로부터 10일까지,,(주)씨에이치좋은푸드,2016036866238,20200902,20200922
계란,,행복한 계란빵 반죽,빵류,냉장15일,,(주)씨에이치푸드,202102029585,20210614,20220617
계란,,행복한 계란빵 반죽(냉동),빵류,냉동6개월,,(주)씨에이치푸드,2021020295832,20230419,20230421
계란,,행복한 계란빵반죽(냉동),빵류,제조일로부터 6개월까지,,(주)씨에이치좋은푸드,2016036866258,20240922,20240927
계란,,행복한맛남 계란옷 입은 동그랑땡,식육함유가공품,냉동 12개월,,(주)아워홈,20060445219856,20190306,20250826
계란,,행운 루비동 계란 반죽,빵류,냉장15일,,주식회사행운푸드,2014008672923,20250811,20250812
계란,,허닭 닭가슴살 간장계란곤약볶음밥,즉석조리식품,제조일로부터 12개월까지,,농업회사법인 주식회사 한우물,200804930741240,20230207,20240117
계란,,허닭 닭가슴살 간장계란곤약볶음밥,즉석조리식품,제조일로부터 12개월,,(주)엄지식품,20210504123100,20220414,20240117
계란,,허닭 닭가슴살 간장계란곤약볶음밥,즉석조리식품,제조일로부터 12개월,,주식회사 엄지식품,20150493208727,20210129,20240117
계란,,헬로빙그레 토마토계란볶음밥,즉석조리식품,제조일로부터 12개월까지,,농업회사법인 주식회사 한우물,20080493074370,20170824,20240117
계란,,현대농장 계란장조림소스,소스,제조일로부터 6개월 까지,,(주)티프리 제1공장,201603688221174,20250702,20250715
계란,,현미간장계란볶음밥,즉석조리식품,제조일로부터 12개월,,주식회사 엄지식품,20150493208467,20190814,20240117
계란,,현미계란볶음밥 세트,즉석조리식품,제조일로부터 9개월,,(주)현대그린푸드 스마트푸드센터,201902803273181,20230922,20231003
계란,,현미계란볶음밥&포크스튜,당뇨환자용 식단형 식품,제조일로부터 270일,,(주)현대그린푸드 스마트푸드센터,201902803274436,20250724,20260414
계란,,현미계란볶음밥/포크스튜 세트,당뇨환자용 식단형 식품,제조일로부터 270일,,(주)현대그린푸드 스마트푸드센터,201902803273186,20230922,20240830
계란,,현우동 버터계란 소스,소스,제조일로부터 18개월까지,,(주)에프앤에스식품,202103521781772,20250411,20250902
계란,,현우동 버터계란 소스-1,소스,제조일로부터 18개월까지,,(주)에프앤에스식품,202103521781718,20250224,20250411
계란,,혜자NEW통계란&케이준샐러드,즉석섭취식품,제조일로부터 6일 까지,제조일로부터 6일 까지,(주)농업법인 은성,20200393064104,20251203,20251216
계란,,혜자NEW통계란&케이준샐러드,즉석섭취식품,제조일로부터 6일 까지,제조일로부터 6일 까지,(주)농업회사법인 은성,20160375275160,20251203,20251204
계란,,혜자로운한끼 계란진미채김밥,즉석섭취식품,제조일시로부터 72시간 이내,,(주)후레쉬서브,200803362281423,20240410,20241018
계란,,호박계란국훈제오리햄볶음도시락,즉석섭취식품,제조 후 10시간,,(주)비엘푸드,201902029633037,20260108,20260109
계란,,홈앤키즈 구워만든 제주 유정란 계란쿠키,과자,제조일로부터 1년,제조일로부터 1년,주식회사 제주내먹,20130631190221,20221124,20230202
계란,,홈플델리계란두배비빔밥,즉석섭취식품,제조시간으로부터 40시간,,롯데용인CK 주식회사,200003470522879,20220816,20250314
계란,,홈플델리계란두배비빔밥,즉석섭취식품,제조시간으로부터 40시간,,롯데부산CK 주식회사,200206143692851,20240807,20250321
계란,,홍국미새우계란볶음밥,즉석조리식품,제조일로부터 8일,,주식회사 지니온,2024032015782,20240410,20251202
계란,,홍영의 계란찜간장,소스,2년(24개월),,주식회사 더동쪽바다가는길,2015056600931,20210616,20231110
계란,,홍콩식 계란에 뿌려먹는 간장소스,소스,실온 12개월,,(주)제이엔제이푸드,201504430301317,20240909,20240910
계란,,화이트굴림만두와 곤약간장계란밥,즉석조리식품,제조일로부터 12개월까지,,(주)푸드인모닝스타,20220493563289,20260406,20260509
계란,,화이트크림계란함박,즉석조리식품,제조일로부터 4개월까지,,(주)후드원,200304451282693,20250520,20250524
계란,,황궁참계란빵반죽,빵류,15일,,황궁 참 식품,200903646776,20090619,20260201
계란,,황금 계란빵 반죽,빵류,제조일로부터 냉동 6개월,냉동 6개월,주식회사 황금에프앤비,2020040201387,20250728,20260129
계란,,황금 계란빵 반죽,빵류,제조일로부터 냉장 18일,냉장 18일,주식회사 황금에프앤비,2020040201386,20250716,20260129
계란,,황금알 유정란 계란과자,과자,제조일로부터 12개월,제조일로부터 12개월,(주)제이주원컴퍼니,20210225314101,20250325,20250917
계란,,황태 우린 물로 만든 계란 야채 볶음밥,즉석조리식품,제조일부터9개월(냉동),,농업회사법인 주식회사 한우물,20080493074125,20131210,20240117
계란,,황태계란국,즉석조리식품,제조일로부터 7일,,팜스더프레시,20220299544152,20240105,20240117
계란,,황태계란국,즉석조리식품,제조일로부터 7일,,주식회사찬장에프에스대전,20220321100367,20221206,20260430
계란,,황태계란국,즉석조리식품,제조일로부터 7일,,주식회사케이제이푸드(KJ Food),20210424124110,20211218,20240322
계란,,황태계란국,즉석조리식품,제조일로부터 3일,,황가식품,2022030833098,20230313,20230318
계란,,황태계란국,즉석섭취식품,,해당없음.,(주)푸드윈,20080342441275,20230418,20230421
계란,,황태계란북엇국,즉석조리식품,제조일로부터12개월까지,,동림푸드(주),19910386025406,20151014,20230610
계란,,황태대파계란국,즉석조리식품,제조일로부터 12개월까지,,(주)대도F&D,19920392069392,20241022,20241030
계란,,황태무채계란국,즉석조리식품,제조일로부터 5일,제조일로부터 5일,(주)하니푸드,20210268770581,20250509,20250517
계란,,황태콩나물계란국,즉석조리식품,제조일로부터 5일,제조일로부터 5일,(주)하니푸드,20210268770578,20250509,20250513
계란,,후게츠 계란면,생면,제조일로부터 45일,,(주)타마루에스엠에스,2013027503397,20250108,20251204
계란,,훈제계란조림,조림류,제조일로부터7일,,주식회사장모님에프앤비,20230300165159,20240820,20240822
계란,,흑닭 더 빅 닭가슴살 마늘계란버터 볶음밥,즉석조리식품,제조일로부터 12개월,,오뚜기냉동식품 주식회사,20040355580653,20250519,20250920
계란,,흑미꼬꼬계란볶음밥,즉석조리식품,제조일로부터 8일,,주식회사 지니온,20240320157198,20240527,20240530
계란,,흑백목이계란볶음,기타가공품,제조일로부터 5일,,주식회사찬장에프에스대전,20220321100543,20230130,20230203
계란,,희가덕물만두 계란,만두,제조일로 부터 12개월,,장강식품,201600864317,20250908,20250912